Tags	IBooks	EBooks	IMarkers	EMarkers	IRefs	ERefs	PreText	SCase	Search	PostText	RCase	Replace	Name	Comment
# Individuals (or gods)
H									Aaron			אַהֲרֹן		Acts 7:40
H									Abaddon			אֲבַדּוֹן		Rev 9:11
H									Abdon			עַבְדוֹן		man and city H5658 (8) Josh 21:30, Jdg 12:13,15, ...
dH									Abel			הֶבֶל/(Abel)		Gen 4:2
H									Abiathar			אֶבְיָתָר		H54 (30) 1Sam 22:20-22, 23:6,9, ...
H									Abiel			אֲבִיאֵל		H22 (3) 1 Sam 9:1, 14:51, 1Chr 11:32*
H									Abigail			אֲבִיגַיִל		H26 (17) 1Sam 25:3,14,18,23,32,36,39-40,42, 27:3, ...
H									Abihu			אֲבִיהוּא		(12) Exo 6:23, 24:1,9, 28:1, Lev 10:1, Num 3:2,4
H									Abijah			אֲבִיָה
H									Abimelech			אֲבִימֶלֶךְ		Gen 20:2-4,8-10,14-15,17-18,22
H									Abinadab			אֲבִינָדָב		H41 (12) 1Sam 7:1, 16:8, 17:13, 31:2, ...
H									Abinoam			אֲבִינֹּעַם		father of Barak (4) Jdg 4:6,12, 5:1,12*
H									Abishai			אֲבִישַׁי		H52 (25) 1Sam 26:6-9, 2Sam 2:18,24, ...
H									Abital			אֲבִיטַל		H37 wife of David (2) 2Sam 3:4, 1Chr 3:3*
H									Abiud			אֲבִיהוּד
H									Abner			אַבְנֵר		H74 (63) 1Sam 14:50-51, 17:55, ...
H									Abraham			אַבְרָהָם
H									Absalom			אֲבִישָׁלוֹם		H53 David's son (111) 2Sam 3:3, 13:1,4, ....
H									Achan			עָכָן		(6) Josh 7:1,18-20,24, 22:20*
H									Achaz			אָחָז		Matt 1:9
H									Achim			יוֹקִים
H									Achish			אֲכִישׁ		H397 (21) 1Sam 21:11-13,15, 27:2-3,5-6,9-10,12, ...
H									Achsah			עַכְסָה		(5) Josh 15:16-17, Jdg 1:12-13, 1Chr 2:49*
H									Adah			עָדָה		Gen 4:19
H									Adam			אָדָם
H									Addi			עֲדִיה		?
H									Adonijah			אֲדֹנִיָּה		H138 (26) 2Sam 3:4, 1Ki 1:15, ...
H									Adriel			עַדְרִיאֵל		H5741 (2) 1Sam 18:19, 2Sam 21:8*
H									Admin			רָםה		?
H									Ahasuerus			אֲחַשְׁוֵרוֹשׁז		Esther 1:1
H									Ahaz			אָחָזז	Ahaz	Hos 1:1
H									Ahinoam			אֲחִינֹעַם		H293 (7) 1Sam 14:50, 25:43, ...
H									Ahimelech			אֲחִימֶלֶךְ		H288 (17) 1Sam 21:2-3,9, 22:9,11,14,16,20, ...
H									Ahiman			אֲחִימַן		(4) Num 13:22, Josh 15:14, Jdg 1:10, 1Chr 9:17*
H									Ahimaaz			אֲחִימַעַץ		H290 (15) 1Sam 14:50, 2Sam 15:27,36, ...
H									Ahitub			אֲחִיטוּב		H285 (15) 1Sam 14:3, 22:9,11-12,20, 2Sam 8:17, ...
H									Ahijah			אֲחִיָּה		H281 (24) 1Sam 14:3, 14:18, 1Kings 4:3, 11:29-30, ...
H									Aiah			אַיָּה		Gen 36:24
H									Amalek			עֲמָלֵק		Gen 36:12,16, Exo 17:8-16
H									Amariah			אֲמַרְיָה		Zeph 1:1
H									Amminadab			עַמִּינָדָב		Ruth 4:19
wH									Amon			אָמוֹן		Zeph 1:1
H									Amos			אָמוֹץ
wH									Ammon			עַמּוֹן		(106) Gen 19:38, Num 21:24, Deu 2:19,37, 3:11,16, Josh 12:2, 13:10,25, ...
H									Amnon			אַמְנוֹן		H550 son of David (28) 2Sam 3:2, 13:1, ...
H									Amram			עַמְרָם		Exo 6:18,20, Num 3:19,26:58-59, 1 Chr 6:2-3,18, 23:12-13, 24:20, Ezr 10:34*
wH									Anah			עֲנָה		Gen 36:2.14,18,20,24-25
wH									Anak			עָנָק		(9) Num 13:22,28,33, Deu 9:2, Josh 15:13-14, ...
H									Aphiah			אֲפִיחַ		H647 (1) 1Sam 9:1*
wH									Anat			עֲנָת		(2) Jdg 3:31, 5:6*
#wH									Aram			רָם
H									Arni			רָםה		?
H									Arphaxad			אַרְפַּכְשַׂד
H									Asahel			עֲשָׂהאֵל		H6214 (18) 2Sam 2:18-23,30, ...
H									Asaph			אָסָף
H									Asenath			אֱסְנַת		Gen 41:45,50, 46:20*
H									Asher			אָשֵׁר		(43) Gen 30:13, 35:26, 46:17, 49:20, Exo 1:4,13,40-41, ... plus Luke 2:36
H									Azor			עַזּוּר
H									Baal			בַּעַל		Rom 11:4
H									Balaam			בִּלְעָם		(61) Num 22:5,7-10,12-14,16,18,20-21,22,25,27-28-31, ...
H									Barachias			בֶּרֶכְיָה		Matt 23:35
H									Barak			בָּרָק		Heb 11:32
H									Basemath			בָּשְׂמַת		Gen 26:34, 36:3-4
H									Bathsheba			בַּת־שֶׁבַע		2Sa 11:3, 12:24, 1Ki 1:11-2:19, Psa 51:1*
H									Becorath			בְּכוֹרַת		H1064 (1) 1 Sam 9:1*
wH									Bela			בֶּלַע		Gen 14:2,8, 36:32-33
H									Beor			בְּעוֹר		Gen 36:32, Num 22:5
H									Beeri			בְּאֵרִי		Hos 1:1
H									Benjamin			בִּנְיָמִין		Ezra 1:5, Acts 13:21
H									Bezalel			בְּצַלְאֵל		(9) Exo 31:2, 35:30, 36:1-2, 37:1, 38:22, 1Chr 2:20, 2Chr 1:15, Ezra 10:30*
H									Bildad			בִּלְדַּד		Job 8:1
H									Bilhah			בִּלְהָה		Gen 29:29
H									Boaz			בֹּעַז
H									Bohan			בֹּהן		Reuben's son or descendant (2) Josh 15:6, 18:17*
H									Ishbosheth			אִישׁ-בּשֶׁת		{ H378 Sha'ul's son (11) 2Sam 2:8,10, ...
H									Ish-bosheth			אִישׁ-בּשֶׁת		{ H378 Sha'ul's son (11) 2Sam 2:8,10, ...
H									bosheth			בּשֶׁת		{ H378 Sha'ul's son (11) 2Sam 2:8,10, ...
H									Buzi			בּוּזִי		Eze 1:3 father of Ezekiel
wdH									Cain			קַיִן/(Cain)		Gen 4:1-3
dH									Cainan			קֵינָן/(Cainan)
H									Caleb			כָּלֵב		(35) Num 13:6,30, 14:6,24,30,38, 26:65, 32:12, 34:19, ...
wH									Canaan			כִּנַעַן		Gen, Acts 7:11
wH									Carmi			כַּרְמִי		(8) Gen 46:9, Exo 6:14, Num 26:6, Josh 7:1,18, 1 Chr 2:7, 4:1, 5:3*
dH									Chemosh			כְּמוֹשׁ/(Chemosh)		H3645 (8) Num 21:29, Jdg 11:24, 1Ki 11:7, ...
dH									Chilion			כִּלְיוֹן/(Chilion)		Ruth 1:2
H									Cosam			קָסַםה		?
H									Cushi			כּוּשִׁי		Zeph 1:1
H									Cyrus			כּוֹרֶשׁ		Ezra 1:1,7
wH				id					Dan			דָּן		Gen 14:14
H									Daniel			דָנִיֵּאל		Matt 24:15
H									Darius			דֱּרְיָוֵשׁ		Hag 1:1
H									David			דָּוִד
H									Deborah			דְּבּוֹרָה		woman (10) Gen 35:8, Jdg 4:4-5,9-10,14, 5:1,7,12,15*
H									Delilah			דִּלִילָה		woman H1807 (6) Jdg 16:4,6,10,12-13,18*
H									Diblaim			דִּבְלַיִם		Hos 1:3
H									Dinah			דִינָה		Gen 34:1
H									Dishon			דִּישׁוֹן		Gen 36:21,25,30 1Chr 1:38,41-42
H									Doeg			דֹּאֵג		H1673 (6) 1Sam 21:8, 22:9,18,22, Psa 52:1*
H									Ebed			עֶבֶד		H5651 (6) Jdg 9:26,28,30-31,35, Ezra 8:6*
H									Eber			עֵבֵר
H									Edom			אֱדוֹם		Gen 25:30, 32:3, 36:1,8-9
H									Edrei			אֶדְרֶעִי		(8) Num 21:33, Deu 1:4, 3:1,10, Josh 12:4, 13:12,31, 19:37*
H									Eglah			עֶגְלָה		H5698 wife of David (2) 2Sam 3:5, 1Chr 3:3*
H									Ehud			אֵהוּד		Jdg 3:15-16,20-21,23,26, 4:1, 1Chr 7:10*
H									Eleazar			אֶלְעָזָר
wH									Eli			עֵלִי
H									Eliab			אֱלִיאָב		H446 (21) Num 1:9, 2:7, 7:24,29, 10:16, 16:1,12, ...
H									Eliakim			אֶלְיָקִים
H									Eliezer			אֶלִיעֶזֶר		(14, at least eight different people) Gen 15:2, Exo 18:4, 1Chr 7:8, 15:24, ...
H									Elihu			אֱלִיהוּ		(11, five different people) 1Sam 1:1, 1Chr 12:21, 26:7, 27:18, Job 32:2,4-6, ...
H									Elijah			אֵלִיָּה		Luke 4:26
H									Elimelech			אֱלִימֶלֶךְ		Ruth 1:2
H									Eliphaz			אֱלִיפַז		Job 4:1
H									Elisha			אֱלִישָׁע		Luke 4:27
H									Elisheba			אֱלִישֶׁבַע		Exo 6:23*
H									Eliud			אֵל-הוֹד
H									Elkanah			אֶלְקָנָה		H511 (21) Exo 6:24, 1Sam 1:1,4,8,19,21,23, ...
H									Elon			אֵילוֹן		man and city H356 (6) Gen 26:34, 36:2, 46:14, Num 26:26, Josh 19:43, Jdg 12:11*
H									Elmadam			אַלְמוֹדָדה		?
H									Emmanuel			עִמָּנוּאֵל
dH									Emmor			חֲמוֹר/(Emmor)		Acts 7:16
dH									Enoch			חֲנוֹךְ/(Enoch)		Gen 4:17
H									Enos			אֱנוֹשׁ
H									Ephraim			אֶפְרַיִם		Gen 41:52, 46:20, 48:1
H									Ephron			עֶפְרוֹן		the Hittite Gen 23:8,10,13-14,16-17, 25:9, 49:29-30, 50:13, Josh 15:9, 2Chr 13:19*
wH									Er			עֵר
H									Esau			עֵשָׂו		Gen Obad 1:6, Heb 11:20
H									Eshtemoa			אֶשְׁתְּמֹעַ		{ H851 (6) Josh 15:50, 21:14, 1Sam 20:28, ...
H									Eshtemoh			אֶשְׁתְּמֹעַ		{ H851 (6) Josh 15:50, 21:14, 1Sam 20:28, ...
H									Esli			אֶלְיְהוֹעֵינַיה		?
H									Esrom			חֶצְרוֹן
H									Esther			אֶסְתֵּר		Esther 2:7
H									Etam			עֵיטָם		H5862 (5) Jdg 15:8,11, 1Chr 4:3,32, 2Chr 11:6*
wdH									Eve			חַוָּה/(Eve)		Gen 3:20
H									Ezekiel			יְחֶזְקֵאל		Eze 1:3
wH									Ezer			אֶצֶר		Gen 36:21,27,30, 1Chr 1:38,42
H									Ezra			עֶזְרָא		Ezra 7:1
H									Gabriel			גַּבְרִיאֵל		angel Luke 1:19
wH									Gad			גָּד		Rev 7:5
H									Gaal			גַּעַל		H1603 (9) Jdg 9:26,28,30-31,35-37,39,41*
H									Gamaliel			גַּמְלִיאֵל		Acts 5:34
H									Gedaliah			גְּדַּלְיָה		Zeph 1:1
wH									Gera			גֵּרָא		Gen 46:21. Jdg 3:15, 2Sam 16:15, ...
H									Gershom			גֵּרְשֹׁם		(14) Exo 2:22, 18:3,30, Jdg 28:30, ..., Heb 11:32
H									Gideon			גִּדְעוֹן		Heb 11:32
H									Gog			גּוֹג
H									Goliath			גָּלְיַת		H1555 (6) 1 Sam 17:4,23, 21:10, 22:10, 2Sam 21:19, 1Chr 20:5*
H									Gomer			גֹּמֶר		Hos 1:3
H									Habakkuk			חֲבַקּוּק		Hab 1:1
H									Hachaliah			חֲכַלְיָה		Neh 1:1
H									Hachilah			חֲכִילָה		H2444 (3) 1Sam 23:19, 26:1,3*
H									Hadassah			הֲדַסָּה		Esther 2:7
H									Hagar			הָגָר		Gal 4:24
H									Haggai			חַגַּי		Hag 1:1
H									Haggith			חַגִּית		H2294 wife of David (5) 2Sam 3:4, 1Ki 1:5,11, ...
H									Hamor			חֲמוֹר		Gen 34:2
H									Hannah			חַנָּה		H2584 (13) 1 Sam 1:2,5,8-9, ...
H									Heber			חֶבֶר		(11) Gen 46:17, Num 26:45, Jdg 4:11,17,21, ...
H									Hezekiah			חִזְקִיָּה		Mic 1:1
H									Hezron			חֶצְרוֹן		Ruth 4:18
H									Hezekiah			חִזְקִיָּה
H									Hillel			הִלֵּל		H1985 (2) Jdg 12:13,15*
H									Hirah			חִירָה		Gen 38:1,12*
H									Hobab			חֹבָב		H2246 (2) Num 10:29, Jdg 4:11*
H									Hoham			הוֹהָם		(1) Josh 10:3*
H									Hophni			חָפְנִי		H2652(5) 1Sam 1:3, 2:34, 4:4,11,17*
H									Horam			הֹרָם		(1) Josh 10:33*
H									Hosea			הוֹשֵׁעַ		Hos 1:1
wH									Hur			חוּר		(15) Exo 17:10,12, 24:14, 31:2, 35:30, 38:22, Num 31:8, ...
H									Husham			חוּשָׁם		Gen 36:34-35, 1Chr 1:45-6*
H									Ibzan			אִבְצָן		H78 (2) Jdg 12:8,10*
H									Ichabod			אִי־כָבוֹד		H350 (2) 1Sam 4:21, 14:3*
dH									Isaac			יִצְחָק/(Isaac)		Gen 20?
dH									Isaiah			יְשַׁעְיָה/(Isaiah)
wdH									Ishmael			יִשְׁמָעֵאל/(Ishmael)		Gen 16:11,15-16, 36:3
dH									Ishvi			יִשְׁוִי/(Ishvi)		H3440 (4) Gen 46:17, Num 26:44, 1Sam 14:49, 1Chr 7:30*
wdH									Israel			יִשְׂרָאֵל/(Israel)		Gen 32:28
dH									Issachar			יִשָּׂשׂכָר/(Issachar)		Rev 7:7
dH									Ithream			יִתְרְעָם/(Ithream)		H3507 son of David (2) 2Sam 3:5, 1Chr 3:3*
dH									Jabin			יָבִין/(Jabin)		(8) Josh 11:1, Jdg 4:2,7,17,23-24, Psa 83:9*
dH									Jacob			יַעֲקֹב/(Jacob)		Mal 1:2
dH									Jael			יָעֵל/(Jael)		H3278 woman (6) Jdg 4:17-18,21-22, Jdg 5:6,24*
dH									Jair			יָאִיר/(Jair)		H2971 (9) Num 32:41, Deu 3:14, Josh 13:30, Jdg 10:3,5, ...
H									Jannai			יָנָה?
dH									Japhia			יָפִיעַ/(Japhia)		(5) Josh 10:3, 19:12, 2 Sam 5:15, 1Chr 3:7, 14:6*
dH									Jared			יֶרֶד/(Jared)
dH									Jechonias			יְכָנְיָה/(Jechonias)
dH									Jehoiachin			יוֹיָכִין/(Jehoiachin)		Eze 1:2
dH									Jehozadak			יְהוֹצָדָק/(Jehozadak)		Hag 1:1
dH									Jemimah			יְמִימָה/(Jemimah)		Job 42:14* (Job's daughter)
dH									Jephthah			יִפְתָּח/(Jephthah)		Heb 11:32
dH									Jephunneh			יְפֻנֶּה/(Jephunneh)		(16) Num 13:6, 14:6,30,38, 26:65, 32:12, 34:19, ...
dH									Jeremiah			יִרְמְיָה/(Jeremiah)		Matt 27:9
dH									Jeroboam			יָרָבְעָם/(Jeroboam)		Hos 1:1
dH									Jeroham			יְרֹחָם/(Jeroham)		H3395 (10) 1 Sam 1:1, 1Chr 6:27,34, 8:27, ...
dH									Jerubbaal			יְרֻבַּעַל/(Jerubbaal)		(14) Jdg 6:32, 7:1, 8:29, ..., 1Sam 12:11
dH									Jeshimon			יְשִׁימוֹן/(Jeshimon)		H3452 (13) Num 21:20, 23:@8, Deu 32:10, 1Sam 23:19,24, ...
dH									Jesse			יִשַׁי/(Jesse)		H3448 (42) Ruth 4:17,22, 1Sam 16:1,3,5,8-11, ...
dH									Jethro			יִתְרוֹ/(Jethro)		Exo 3:1, 4:18, 18:1-12*
dH									Jezreel			יִזְרְעֵאל/(Jezreel)		(36) Josh 15:56, 17:16, 19:18, Jdg 6:33, ...
dH									Joab			יוֹאָב/(Joab)		H3097 (145) 1Sam 26:6, 2Sam 2:13-14,19,22,24,26-28, ...
dH									Joash			יוֹאָשׁ/(Joash)		Hos 1:1
dH									Joatham			יוֹתָם/(Joatham)
wdH				id					Job			אִיּוֹב/(Job)		Job, Jam 5:11
dH									Jobab			יוֹבָב/(Jobab)		Gen 10:29, 36:33-34
dH									Jochebed			יוֹכֶבֶד/(Jochebed)		Exo 6:20, Num 26:59*
dH									Joel			יוֹאֵל/(Joel)		Joel, Acts 2:16
dH									Jonah			יוֹנָה/(Jonah)		Jonah, Matt 16:4
#H									Jonam			?		Luke 3:30
dH									Jonathan			יוֹנָתָן/(Jonathan)		Judges 18:30, 1Sam 13:2-3,16,22, 14:1,3-4,12-14,17
dH									Joram			יוֹרָם/(Joram)
dH									Jorim			יוֹרָםה/(Jorim)		?
dH									Josaphat			יְהוֹשָׁפָט/(Josaphat)
dH									Joseph			יוֹסֵף/(Joseph)		Gen
dH									Joses			יוֹסֵףה/(Joses)		?
dH									Joshua			יְהוֹשׁוּעַ/(Joshua)
dH									Josiah			יאֹשִׁיָּה/(Josiah)		Zeph 1:1
dH									Jotham			יוֹתָם/(Jotham)		Hos 1:1
H									Jodah			יֻטָּה/יְהוּדָה		Luke 3:26
dH									Judah			יְהוּדָה/(Judah)		Ezra 1:3
H									Kenaz			קְנַז		(11) Gen 36:11,15,42, Josh 15:17, Jdg 1:13, ...
H									Keren-Happuk			קֶרֶן הַפוּךְ		Job 42:14* (Job's daughter)
H									Keziah			קְצִיעָה		Job 42:14* (Job's daughter)
H									Chileab			כִּלְאָב		H3609 David's son (1) 2Sam 3:3*
wH									Kish			קִישׁ		H7027 (21) 1Sam 9:1,3, 10:11,21, ..., Acts 13:21
H									Korah			קֹרַח		Gen 36:5,14, Jude 11
H									Laban			לָבָן		Gen 24:29
H									Laish			לַיִשׁ		H3919 (7) Jdg 18:7,14,27,29, 1Sam 25:44, 2Sam 3:15, Isa 10:30*
H									Lamech			לֶמֶךְ		Gen
H									Lappidoth			לַפִּידוֹת		Deborah's husband (1) Jdg 4:4*
H									Leah			לֵאָה		Gen, Ruth 4:11
wH									Levi			לֵוִיה		Gen
wH									Lot			לוֹט		Gen, Luke 17:28
H									Maacah			מַעֲכָה		(23) Gen 22:24, Josh 13:13, 2Sam 3:3, 10:6,8, ...
wH									Maat			מָעַטה		?
H									Maath			מָעַטה		?
H									Machir			מָכִיר		(22) Gen 59:23, Num 26:29, 27:1, 32:39-49, ...
H									Magog			מָגוֹג
H									Mahlon			מַחְלוֹן		Ruth 1:2
H									Malachi			מַלְאָכִי		Mal 1:1
H									Maleleel			מַהֲלַלְאֵל
H									Manasseh			מְנַשֶּׁה		Gen 41:51 Rev 7:6
H									Manoah			מָנוֹחַ		Judges 13:2 father of Samson
H									Maoch			מָעוֹךְ		H4582 (1) 1Sam 27:2*
H									Maon			מָעוֹן		H4584 (8) Josh 15:55, Jdg 10:12, 1Sam 23:24-25, ...
H									Mathusala			מְתוּשֶׁלַח
H									Matthan			מַתָּן
H									Matthat			מַתָּת
H									Matthat			מַתָּת
H									Mattathias			מַתִּתְיָה
H									Mattatha			מַתַּתָּה
#H									Mattat			?
H									Melea			מְלֵאָהה		?
H									Melchisedek			מַלְכִּי־צֶדֶק
wH									Melchi			מֶלֶךְ
#H									Menna			?
H									Merab			מֵרָב		H4764 daughter of Saul (3) 1Sam 14:49, 18:17,19*
H									Micah			מִיכָה		Mic 1:1
H									Micaiah			מִיכָהוּ		H4319 (2) Jdg 17:1,4*
H									Michael			מִיכָאֵל
H									Michal			מִיכָל		H4323 daughter of Saul (18) 1Sam 14:49, 18:20,27-28, ...
H									Midian			מִדְיָן		Exo 2:15, Acts 7:29
H									Miriam			מִרְיָם		(15) Exo 15:20-21, Num 12:1,4-5,10 also 1Chr 4:17 (a man)
H									Mishael			מִישָׁאֵל		Exo 6:22, Lev 10:4, Neh 8:4, Dan 1:6-7,11,19*
H									Moab			מוֹאָב		Gen 19:37, Ruth 1:1 son of Lot
H									Moloch			מֹלֶךְ		Acts 7:43
H									Mordecai			מָרְדְּכַי		Esther 2:7
H									Moses			מֹשֶׁה
H									Naamah			נַעֲמָה		Gen 4:22
H									Naaman			נַעֲמָן		Luke 4:27
H									Naasson			נַחְשׁוֹן
H									Nabal			נָבָל		H5037 (22) 1Sam 25:3-5,9-10,14,19,25-26,34,36-39, ...
H									Nachor			נָחוֹר
H									Nadab			נָדָב		(20) Exo 6:23, 24:1,9, 28:1, Lev 10:1, Num 3:2,4
H									Naggai			נֹגַהּה		?
H									Nahash			נָחָשׁ		H5176 (9) 1 Sam 11:1-2, 12:12, 2 Sam 10:2, ...
H									Nahshon			נַחְשׁוֹן		Ruth 4:20
H									Nahum			נַחוּם
H									Naomi			נָעֳמִי		Ruth 1:2
H									Naphtali			נַפְתָּלִי		Gen 30:8, 35:25, 46:24, 49:21, Exo 1:14, Num 1:15, ...
H									Natham			נָתָן
wH									Nathan			נָתָן
H									Naum			נַחוּם
H									Nebaioth			נְבָיוֹת		Gen 25:13, 28:9, 36:3
H									Nehemiah			נְחֶמְיָה		Neh 1:1
H									Nephthalim			נַפְתָּלִי
wH									Ner			נֵר		H5369 (16) 1Sam 14:50-51. 26:5,14, ...
H									Neri			נֵרִיָּה
H		NUM,JOS							Noah			נֹחַ		5146 (46) Gen 5:29-30,32, 6:8-10,13,22, 7:1,5-7,9,11, ...
H		GEN							Noah			נֹעָה		5270 Woman (4) Num 26:33, 27:1, 36:11, Josh 17:3*
wH									Nun			נוּן		(30) Exo 33:11, Num 11:28, 13:8,16, 14:6,30,38, ...
H									Obadiah			עֹבַדְיָה		Oba 1:1
H									Obed			עוֹבֵד
wH									Og			עוֹג		(22) Num 21:33, 32:33, Deu 1:4, 3:1,3-4,10-11,13, 4:47, ...
H									Oholiab			אָהֱלִיאָב		(5) Exo 31:6, 35:34, 36:1-2, 38:23*
H									Oholibamah			אָהֱלִיבָמָה		Gen 36:2,5,14,18
H									Onan			אוֹנָן		Gen 38:4,5-9, 46:12
H									Ophir			אוֹפִיר		Gen 10:29, 1 Ki 9:28, 10:11, 22:48, 1Chr 1:23, 29:4
H									Ophrah			עָפְרָה		H6084 man (8) Josh 18:23, Jdg 6:11,24, 8:27,32, 9:5, 1Sam 13:17, 1Chr 4:14*
H									Oreb			עֹרֵב		H6159 (7) Jdg 7:25, 8:3, Psa 83:11, Isa 10:26*
H									Othniel			עָתְנִיאֵל		(7) Josh 15:17, Jdg 1:13, 3:9,11, 1Chr 4:13, 27:15*
H									Ozias			עֻזִּיָּה
wdH									Palti			פַלְטִי/(Palti)		H6406 (2) Num 13:9, 1Sam 25:44*
dH									Paltiel			פַלְטִיאֵל/(Paltiel)		H6409 (2) Num 34:26, 2Sam 3:15*
H									Peleg			פֶלֶג
H									Peninnah			פְנִנָּה		H6444 (3) 1 Sam 1:2,4*
H									Perez			פֶרֶץ
H									Pharaoh			פַרְעֹה		Gen 39:1, Acts 7:13
H									Phinehas			פִינְחָס		H6372 (25) Exo 6:25, Num 25:7,11, 31:6 Jos 22:13,30-32
H									Potiphar			פוֹטִיפַר		Gen 37:36, 39:1*
H									Potiphera			פוֹטִי-פֶרַע		(space changed to hyphen) Gen 41:45,50, 46:20*
H									Puah			פוּעָה		Exo 1:15*
H									Purah			פֻרָה		H6513 Gideon's servant (2) Jdg 7:10-11*
H									Putiel			פוּטִיאֵל		Exo 6:25*
H									Rachel			רָחֵל		Gen
H									Ragau			רְעוּ
H									Rahab			רָחָב
wH									Ram			רָם		Ruth 4:19
H									Rebecca			רִבְקָה		Rom 9:10
H									Rebekah			רִבְקָה		Rom 9:10
H									Rehoboam			רְחַבְעָם
H									Reuben			רְאוּבֵן		Gen 29:32, 30:14, 35:22, etc. Rev 7:5
H									Reuel			רְעוּאֵל		Gen 36:4,10,13,17, Exo 2:18, Num 2:14
H									Rhesa			רְפָיָהה		?
H									Rimmon			רִמּוֹן		(17) Josh 15:32, 19:7,13, Jdg 20:45,47, 21:13, 2Sam 4:2,5,9, ...
H									Rizpah			רִצְפָה		H7532 concubine of Sha'ul (4) 2Sam 3:7, 21:8,10-11*
H									Ruth			רוּת		Ruth
H									Salathiel			שְׁאַלְתִּיאֵל
wH									Sala			שֶׁלַח
H									Salmon			שַׂלְמוֹן		Ruth 4:20
H									Samson			שִׁמְשׁוֺן		(38) Judges 13:24, 14:1,3, ..., Heb 11:32
H									Samuel			שְׁמוּאֵל		Acts 3:24
H									Sarah			שָׂרָה		Heb 11:11
H									Satan			שָׂטָן		Num 22:22, Job 1:6-12
H									Saul			שָׁאוּל		Gen 36:37-38, 46:10, Exo 6:15, Num 26:13, 1Sam 9:2-3,5,7-8, Acts 7:58, 8:1
H									Seir			שֵׂעִיר		Gen 14:6, 32:3, 33:14-16
H									Semein			שִׁמְעִי
wH									Sem			שֵׁם
H									Seruch			שְׂרוּג
H									Seth			שֵׁת
H									Shamgar			שַׁמְגַּר		(2) Jdg 3:31, 5:6*
H									Shammah			שַׁמָּה		H8048 (7) Gen 36:13,17, 1Sam 16:9, 17:13, 2Sam 23:25,33, 1Chr 1:37*
H									Shealtiel			שְׁאַלְתִּיאֵל		Hag 1:1
H									Shechem			שְׁכֶם		Gen 12:6, 33:18, Acts 7:16
H									Shelah			שֵׁלָה		Gen 38:5,11,14,26
H									Shephatiah			שְׁפַטְיָה		H8203 (13) 2Sam 3:4, 1Chr 3:3, 9:8, ....
H									Sheshay			שֵׁשַׁי		(3) Num 13:22, Josh 15:14, Jdg 1:10*
H									Sheshbazzar			שֵׁשְׁבַּצַּר		Ezra 1:8
H									Shiphrah			שִׁפְרָה		Exo 1:15*
H									Shua			שׁוּעַ		Gen 38:2,12*
H									Sihon			סִיחוֹן		(37) Num 21:21,23,26-29,34, 32:33, Deu 1:4, 2:24, ...
H									Simeon			שִׁמְעוֹן		Gen 42:36
H									Sisera			סִיסְרָא		(21) Jdg 4:2,7,9,12-18,22, 5:20,26, ...
H									Solomon			שְׁלמֹה		2 Sam 5:4
H									Talmai			תַּלִמַי		H8526 son of David (6) Num 13:22, Josh 15:14, Jdg 1:10, 2 Sam 3:3, 13:37, 1Chr 3:2*
H									Tamar			תָּמָר		Gen 38:6,11,13,24, Ruth 4:12
H									Thara			תֶּרַח
H									Timnah			תִּמְנָה		(12) Gen 38:12-14, Josh 15:10,57, 19:43, Jdg 14:1, ....
H									Timna			תִּמְנָע		(6) Gen 36:12,22,40, 1Chr 1:36,39,51*
H									Tohu			תֹּחוּ		H8459 (1) 1 Sam 1:1*
H									Tola			תּוֹלָע		H8439 (6) Gen 46:13, Num 26:23, Jdg 10:1, 1Chr 7:1-2*
wH									Uri			אוּרִי		(8) Exo 31:2, 35:30, 38:22, 1 Ki 4:19, 1Chr 2:20, 2Chr 1:15, Ezra 10:24*
H									Uriah			איּרִיָּה		Matt 1:6
wH									Uz			עוּץ		Gen 10:23, 22:21, 36:28  Job 1:1
H									Uzziah			עֻזִּיָּה		Hos 1:1
H									Uzziel			עֻזִּיאֵל		exo 6:18,22 Lev 10:4, Num 3:19,30, 4:42, 6:2,18, 7:7
H									Zabdi			זַבְדִּי		(6) Josh 7:1,17-18, 1 Chr 8:19, 27:27, Neh 11:17*
H									Zabulon			זְבוּלוּן
dH									Zadok			צָדוֹק/(Zadok)
dH									Zalmunna			צַלְמֻנָּע/(Zalmunna)		H6759 (12) Jdg 8:5-7,10,12,15,18,21, Psa 83:11*
H									Zara			זֶרַח
H									Zebah			זֶבַח		H2078 (12) Jdg 8:5-7,10,12,15,18,21, Psa 83:11*
H									Zebul			זְבֻל		H2083 (6) Jdg 9:28,30,36,38,41*
H									Zebulun			זְבוּלוּן		(45) Gen 30:20, 35:23, 46:14, 49:13, Exo 1:3, Num 1:9, ...
dH									Zedek			צֶדֶקח/(Zedek)		(2) Josh 10:1,3*
H									Zeeb			זְאֵב		H2062 (6) Jdg 7:25, 8:3, Psa 83:11*
H									Zerah			זֶרַח		Gen 36:13,17,33, 38:30
dH									Zeror			צְרוֹר/(Zeror)		H6872 (1) 1Sam 9:1*
H									Zechariah			זְכַרְיָה
dH									Zephaniah			צְפַנְיָה/(Zephaniah)		Zeph 1:1
dH									Zeruiah			צְרוּיָה/(Zeruiah)		H6870 (26) 1Sam 26:6, 2Sam 2:13,19, 3:39, ...
H									Zerubbabel			זְרֻבָּבֶל		Hag 1:1
# Note: because the first letter changes for the following names, we also include the English spelling
dH									Zibeon			צִבְעוֹן/(Zibeon)		Gen 36:2,14
dH									Zillah			צִלָּה/(Zillah)		Gen 4:19
dH									Zipporah			צִפֹּרָה/(Zipporah)		(3) Exo 2:21, 4:25, 18:2*
H									Zorobabel			זְרֻבָּבֶל
wdH									Zuph			צוּף/(Zuph)		H6689 (4) 1 Sam 1:1, 9:5, 1Chr 6:26,35*
wdH									Zur			צוּר/(Zur)		(5) Num 25:15, Num 31:8, Josh 13:21, 1Chr 8:30, 8:36*

# Tribes/Groups
H									Anakim			עֲנָקִי		(9) Deu 1:28, 2:10-11,21, 9:2, Josh 11:21-22, 14:12,15*
H									Anakites			עֲנָקִי		(9) Deu 1:28, 2:10-11,21, 9:2, Josh 11:21-22, 14:12,15*
H									Ammonites			עַמּוֹנִי		H5984 (17) Deu 2:20, 23:3, 1Sam 11:1-2, ...
H									Amorites			אֲמֹרִי		(87) Gen 10:16, 14:7,13, 15:16,21
H									Ashurites			אֲשׁוּרִי		{ H805 (2) Gen 25:3, 2Sam 2:9*
H									Asshurim			אֲשׁוּרִי		{ H805 (2) Gen 25:3, 2Sam 2:9*
H									Canaanites			כְּנַעֲנִי		(74) Gen 10:18-19, 12:6, 13:7, 15:21
H									Carmelite			כַּרְמְלִי		H3761 (5) 1 Sam 30:5, 2Sam 2:2, 3:3, 23:35, 1Chr 11:37*
H									Chaldeans¦			\add >ones¦\add*_from¦_כַּשְׂדִּי¦		Acts 7:2 (not sure of Greek spelling
H									Cherethites			כְּרֵתִי		(8) 1Sam 30:14, 2Sam 8:18, 15:18, ...
#H									Damascene¦			from_דַּמֶּשֶׂק		2 Cor 11:32
H									Danites			דָּנִי		H1839 (5) Jdg 13:2, 18:1,11,30, 1Chr 12:36*
#dH									Egyptians¦			\add >ones¦\add*_from¦_מִצְרַיִם/(Egypt)¦		(Eygpt gets added below)
dH									Egyptian¦			from¦_מִצְרַיִם/(Egypt)¦		Acts 7:28 (Eygpt gets added below)
H									Ephraimite			אֶפְרָתִי		{ H673 (5) Jdg 12:5, Ruth 1:2, 1Sam 1:1, 17:12, 1Ki 11:26*
wH									Ephrathite			אֶפְרָתִי		{ H673 (5) Jdg 12:5, Ruth 1:2, 1Sam 1:1, 17:12, 1Ki 11:26*
H									Ephrathites			אֶפְרָתִי		{ H673 (5) Jdg 12:5, Ruth 1:2, 1Sam 1:1, 17:12, 1Ki 11:26*
#H									Ethiopians			כּוּשִׁי		Acts 8:27
H									Ethiopian			כּוּשִׁי		Acts 8:27
H									Geshurites			גְּשׁוּרִי		(6) Deu 3:14, Josh 12:5, 13:2,11,13, 1Sam 27:8*
dH									Hebrews			עִבְרִי/(Hebrews)		H5680 (34) Gen 14:13, 39:14,17, 40:15, ...
H									Hittites			חִתִּי		H2850 Descendants of Heth (48) Gen 15:20, 23:10, 25:9, ...
wH									Hittite			חִתִּי		H2850 Descendants of Heth (48) Gen 15:20, 23:10, 25:9, ...
H									Hivites			חִוִּי		(25) Gen 10:17, 34:2, 36:2, Exo 3:8,17, 13:5
H									Israelites¦			\add >ones¦\add*_from¦_יִשְׂרָאֵל¦		Acts 2:22
dH									Jaminite			יְמִינִי/(Jamite)		H3227 (?) 1 Sam 9:1
dH									Jebusites			יְבוּסִי/(Jebusites)		Inhabitants of Jebus (41) Gen 10:16, 15:21, Exo 3:8, 3:17
dH									Jebusite			יְבוּסִי/(Jebusite)		Inhabitants of Jebus (41) Gen 10:16, 15:21, Exo 3:8, 3:17
dH									Jerahmeelites			יְרַחְמְאֵלִי/(Jerahmeelites)		H3397 (2) 1Sam 27:10, 30:29*
#H									Jerusalemites			\add >ones\add*_from_יְרוּשָׁלַם		Mrk 1:5
H									Kenite			קֵינִי		H7017 (13) Gen 15:19, Num 24:21, Jdg 1:16, 4:11,17, ...
H									Kenites			קֵינִי		H7017 (13) Gen 15:19, Num 24:21, Jdg 1:16, 4:11,17, ...
H									Kohathites			קֱהָתִי		(15) Num 3:27,30, 4:18,34,37, 10:21, 26:57, ...
H									Levite¦			from¦_tribe¦_of¦_לֵוִי¦		Luk 10:32 doesn't work well for plural yet XXXX........
H									Maacathites			מַעֲכָתִי		(8) Deu 3:14, Josh 12:5, 13:11,13, 2Sam 23:34, ...
H									Matrite			מַטְרִי		(1) 1 Sam 10:21*
H									Ninevites			\add >ones\add*_from_נִינְוֵה		Luk 11:30
H									Ninevite¦			from¦_נִינְוֵה¦
H									Perizzites			פְּרִזִּי		(23) Gen 13:7, 15:20, 34:30, Exo 3:8,17, 23:23
H									Philistines			פְלִשְׁתִּי		(288) Gen 10:14, 21:32,34, 26:1,8,14-15,18, Exo 13:17, ...
H									Pirathonite			פִרְעָתוֹנִי		H6553 (5) Jdg 12:13,15, 2Sam 23:30, 1Chr 11:31, 27:14*
H									Rephaim			רָפָא		(25) Gen 14:5, 15:20, Deu 2:11,20, 3:11,13, Josh 12:4, ...
wH									Samaritan			שֹׁמְרוֹן
H									Samaritans			שֹׁמְרוֹן
dH									Sidonians			צִידֹנִי/(Sidonians)		H6722 (16) Deu 3:9, Josh 13:4,6, Jdg 3:3, ...
H									Tyrians			צֹר		Acts 12:20
H									Ziphims			זִיפִי		{ H2130 (3) Psa 54:1*
H									Ziphites			זִיפִי		{ H2130 (3) 1Sam 23:19, 26:1*

# Places (including rivers and mountains)
wH									Beth			בֵּית		construct (14+?) Josh 10:10-11, ...
H									Havvoth			חַוֺּת		construct 'the villages'
H									Kiriath			קִרְיַת		construct (20+?) Gen 23:2, 35:27, Josh 9:17, 14:15, 15:9,13,54,60, 18:14-15,28, 20:7, 21:11, Jdg 1:10, 18:12, Neh 11:25*

wH									Acco			עַכּוֹ		(1) Jdg 1:31*
H									Achor			עָכוֹר		(5) Josh 7:24,26, 15:7, Isa 65:10, Hos 2:15*
H									Acshaph			אַכְשָׁף		(3) Josh 11:1, 12:20, 19:25*
H									Achzib			אַכְזִיב		(4) Josh 15:44, 19:29, Jdg 1:31, Mic 1:14*
H									Adullam			עֲדֻלָּם		(8) Josh 12:15, 15:35, 1Sam 22:1, 23:13, 1Chr 11:15, 2Chr 11:7, Neh 11:30, Mic 1:15*
H									Ahlab			אַחְלָב		(1) Jdg 1:31*
wH									Ai			עַי		(39) Gen 12:8, 13:3, Josh 7:2-5, 8:1-3,9-12, ...
H									Aijalon			אַיָּלוֹן		(10) Josh 10:12, 19:42, 21:24, Jdg 1:35, 12:12, ...
H									Ammah			אַמָּה		H522 (1) 2Sam 2:24*
H									Aphek			אֲפֵק		(9) Josh 12:18, 13:4, 19:30, Jdg 1:31, 1Sam 4:1, 29:1, 1Ki 20:26,30, 2Ki 13:17*
H									arabah			עֲרָבָה		(60) Num 22:1, 26:3, ..., Deu 1:1,7, ..., Josh 3:16, 4:13, ...
H									Arabah			עֲרָבָה		(60) Num 22:1, 26:3, ..., Deu 1:1,7, ..., Josh 3:16, 4:13, ...
wH									Arad			עֲרָד		(5) Num 21:1, 33:40, Josh 12:14, Jdg 1:16, 1Chr 8:15*
wH									Aram			אֲרָם		(133) Gen, esp. Paddan Aram
H									Arnon			אַרְנוֹן		(25) Num 21:13-14,24,26,28, 22:36, Deu 2:24, Josh 12:1, ...
H									Aroer			עֲרוֹעֵר		(16) Num 32:34, 2:36, 3:12, 4:48, Josh 12:2, 13:9, ...
H									Arumah			אֲרוּמָה		H725 (1) Jdg 9:4*
H									Ashdod			אַשְׁדּוֹד		(17) Josh 11:22, 15:46-47, 1Sam 5:1,5-7, 6:17, ...
H									Ashkelon			אַשְׁקְלוֹן		(12) Jdg 1:18, 14:19, 1Sam 6:17, 2Sam 1:20, ...
H									Ashtaroth			עַשְׁתָּרוֹת		(12) deu 1:4, Josh 9:10, 12:4, 13:12,31, Jdg 2:13, ...
H									Ataroth			עֲטָרוֹת		(4) Num 32:3,34, Josh 16:2,7*
H									Athach			עֲתָךְ		H6269 (1) 1Sam 30:30*
H									Azekah			עֲזֵקָה		(7) Josh 10:10-11, 15:35, 1 Sam 17:1, 2Chr 11:9, ...
H									Azotus			אַשְׁדּוֹד		Acts 8:40 Ashdod
H									Babylon			בָּבֶלה		?
H									Bahurim			בּחֻרִים		H908 (5) 2Sam 3:16, 16:5, 17:18, 19:16, 1Ki 2:8*
H									barnea			בַּרְנֵעַ		(10+?) Num 32:8, 34:4, Deu 1:2,19, 2:14, 9:23, ...
H									Barnea			בַּרְנֵעַ		(10+?) Num 32:8, 34:4, Deu 1:2,19, 2:14, 9:23, ...
H									Bashan			בָּשָׁן		(60) Num 21:33, 32:33, Deu 1:4, 3:1,3,4,10-11,13-14, ...
wH									Beer			בְּאֵר		H876 (2) Num 21:16, Jdg 9:21*
H									Beeroth			בְּאֵרוֹת		(5) Josh 9:17, 18:25, 2Sam 4:2, Ezra 2:25, Neh 7:29*
H									Besor			בְּשׂוֹר		H1308 stream (3) 1Sam 30:9-10,21*
H									Beth-aven			בֵּית-אָוֶן		H1007 (space changed to hyphen) (7) Josh 7:2, 18:12, 1Sam 13:5, 14:23, Hos 4:15, 5:8, 10:5*
H									Bethel			בֵּֽית-אֵ֑ל		Gen 28:19 (Maqaf changed to hyphen)
H									Bethul			בְּתוּל		(1) Josh 19:4*
H									Bethlehem			בֵּית-לֶחֶם		Ruth 1:1
H									Betonim			בבְּטֹנִים		(1) Josh 13:26*
H									Bezek			בֶּזֶק		H966 (3) Jdg 1:4-5, 1Sam 11:8*
H									Bochim			בֹּכִים		(2) Jdg 2:1,5*
H									Bosor			בְּעוֹר		2 Pet 2:15
H									Bozez			בּוֹצֵץ		rock/cliff H949 (1) 1Sam 14:4*
#									Canaan			כִּנַעַן		COMMENTED OUT Gen, Acts 7:11 but entered as a person above
wH									Carmel			כַּרְמֶל		H3760 (24) Josh 12:22, 15:55, 19:26, 1Sam 15:12, 25:2,5,5,7,40, ...
H									Chephirah			כְּפִירָה		(4) Josh 9:17, 18:26, Ezra 2:25, Neh 7:29*
H									Daberath			דֲּבְרַת		(3) Josh 19:12, 21:28, 1Chr 6:72*
H									Damascus			דַּמֶּשֶׂק
H									Debir			דְּבִיר		(14) Josh 10:3,38-39, 11:21, 12:13, 13:26, 15:7,15,49, ...
H									Dibon			דִּיבוֺן		(11) Num 21:30, 32:3,34, 33:45-46, Josh 13:9,17, Neh 11:25, ...
wH									Dor			דּוֹר		(7) Josh 11:2, 12:23, 17:11, Jdg 1:27, 1Ki 4:11, 1Chr 7:29*
H									Dothan			דֹּתָן		Gen 37:17, 2 Kings 6:13*
wH									Ebal			עֵיבָל		(8) Gen 36:23, Deu 11:29, 27:4,13, Josh 8:30,33, 1Chr 1:22,40*
H									Ebenezer			אֶבֶן-הָעֵזֶר		H72 (space changed to hyphen) (3) 1 Sam 4:1, 5:1, 7:12*
wH									Eden			עֵדֶן		Gen 2:15
wH									Edom			אֱדֹם		Obad 1:1
H									Edrai			אֶדְרֶעִי		(8) Num 21:33, Deu 1:4, 3:1,10, Josh 12:4, 13:12,31, 19:37*
H									Eglon			עֶגְלוֹן		(13) Josh 10:3,5,23,34,36-37, 12:12, ...
dH									Egypt			מִצְרַיִם/(Egypt)
H									Ekron			עֶקְרוֹן		(22) Josh 13:3, 15:11,45-46, 19:43, Jdg 1:18, ...
wH									Elim			אֵילִם		(6) Exo 15:27, 16:1, Num 33:9-10*
H									Eltolad			אֶלְתּוֹלַד		(2) Josh 15:30, 19:4*
H									Engedi			 עֵין-גֶּדִי		H5872 (space changed to hyphen) (6) Josh 15:62, 1Sam 23:29, 24:1, 2Chr 20:2, Sng 1:14, Eze 47:10*
H									Eshtaol			אֶשְׁתָּאֹל		H847 (7) Josh 15:33, 19:41, Jdg 13:25, 16:31, 18:2,8,11*
wdH									Ethiopia			כּוּשׁ/(Ethiopia)		Esther 1:1
H									Euphrates			פְרָת		(19) Gen 2:14, 15:18, Deu 1:7, 11:24, Josh 1:4, 2Sam 8:3, ...
H									Gaash			גַּעַשׁ		Mt. (4) Josh 24:30, Jdg 2:9, 2Sam 23:30, 1Chr 11:32*
H									Galed			גַּלְעֵד		Gen 31:47
H									Galilee			גָּלִיל
H									Gallim			גַּלִּים		H1554 (2) 1Sam 25:44, Isa 10:30*
wH									Gath			גַּת		(33) Josh 11:22, 1Sam 5:8, 6:17, 7:14, 17:4,23,52, ...
H									Gaza			עַזָּה		Acts 8:26
wH									Geba			גֶּבַע		H1387 (18) Josh 18:24, 21:17, Jdg 20:10, 1Sam 13:3,16, ...
H									Geder			גֶּדֶר		(1) Josh 12:13*
H									Geliloth			גְּלִילוֹת		(1) Josh 18:17*
H									Gerizim			גְּרִזִים		mountain H1630 (4) Deu 11:29, 27:12, Josh 8:33, Jdg 9:7*
H									Geshur			גְּשׁוּר		H1650 (9) Josh 13:13, 2Sam 3:3, 13:37-38, ...
H									Gezer			גֶּזֶר		(15) Josh 10:33, 12:12, 16:3,10, 21:21 Jdg 1:29, ...
H									Giah			גִּיַחַ		H1520 (1) 2Sam 2:24*
H									Gibeah			גִּבְעָה		H1390 (43) Josh 15:57, Jdg 19:12-16, 20:4-5, ...
H									Gibeon			גִּבְעוֹן		(37) Josh 9:3,17, 10:1-2,4-6,10,12,41, 11:19, 18:25, 21:17, ...
H									Gidom			גִּדְעֹם		H1440 (1) Jdg 20:45*
H									Gilboa			גִּלְבֹּעַ		H1533 mountain (8) 1Sam 28:4, 31:1,8, 2Sam 1:6,21, 21:12, 1Chr 10:1,8*
H									Gilead			גִּלְעָד		Gen 31:21,23
H									Gilgal			גִּלְגָּל		(41) Deu 11:30, Josh 4:19-20, 5:9-10, 9:6, 10:6-7,9,15,43, ...
H									Golan			גּוֹלָן		(4) Deu 4:43, Josh 20:8, 21:27, 1Chr 6:71*
H									Golgotha			גֻּלְגֹּלֶת
H									Gomorrah			עֲמֹרָה
H									Goshen			גּשֶׁן		Gen 45:10, 46:28-29,34, 47:1,4,6,27, 50:8, Exo 8:22, 9:26, Josh 10:41, 11:16, 15:51*
H									Goyim			גּוֹי		(561) (Gen 10:5, ...,) Josh 12:23, ...
H									Halak			חָלָק		(2) Josh 11:17, 12:7*
H									Hamath			חֲמָת		(36) Num 13:21, 34:8, Josh 13:5, Jdg 3:3, 2Sam 8:9, ...
H									Haran			חָרָן		Acts 7:2
H									Havilah			חֲוִילָה		Gen 2:11
H									Hazor			חָצוֹר		(18) Josh 11:1,10-11,13, 12:19, 15:23,25, ...
H									Hebron			חֶבְרוֹן		(71) Gen 13:18, 23:2,19, 35:27, 37:14, Exo 6:18, Num 3:19, 13:22, ...
H									Helbah			חֶלְבָּה		(1) Jdg 1:31*
H									Hepher			חֵפֶר		(9) Num 26:32-33, 27:1, Josh 12:17, 17:2-3, 1Ki 4:10, 1Chr 4:6, 11:36*
H									Heres			חֶרֶס		(1) Jdg 1:35*
H									Hereth			חֶרֶת		H2802 (1) 1Sam 22:5*
H									Hermon			חֶרְמוֹן		(13) Deu 3:8-9, 4:48, Josh 11:3,17, ...
H									Heshbon			חֶשְׁבּוֹן		(38) Num 21:25-28,30,34, 32:3, 32:37, Deu 1:4, 2:24,26,30, ...
H									Horeb			חֹרֵב		(17) Exo 3:1, 17:6, 33:6, Deu 1:2,6,19, 4:10,15, 5:2
H									Horesh			חֹרֶשׁ		H2793 forest (7) 1Sam 23:15-16,18-19, 2Chr 27:4, Isa 17:9, Eze 31:3*
H									Hormah			חָרְמָה		(9) Num 14:45, 21:3, Deu 1:44, Josh 12:14, 15:30, 19:4, Jdg 1:17, ...
H									Horon			חוֹרוֹן		(14) Josh 10:10-11, 16:3,5, 18:13-14, 21:22, 1Sa 13:18, ...
dH									Ibleam			יִבְלְעָם/(Ibleam)		(3) Josh 17:11, Jdg 1:27, 2Ki 9:27
wdH									India			הֹדוּ/(India)		Esther 1:1
dH									Jabbok			יַבֹּק/(Jabbok)		(7) Gen 32:22, Num 21:24, Deu 2:37, 3:16, Josh 12:2, Jdg 11:13,22*
dH									Jabesh			יָבֵשׁ/(Jabesh)		H3003 (24) Jdg 21:8-10,12,14, 1Sam 11:1,3, ...
dH									Jahaz			יַהַץ/(Jahaz)		(9) Num 21:23, Deu 2:32, Josh 13:18, 21:36, Jdg 11:20, 1Chr 6:78, Isa 15:4, Jer 48:21,34*
dH									Janoah			יָנוֹחַ/(Janoah)		(3) Josh 16:6-7, 2Ki 15:29*
dH									Jarmuth			יַרְמוּת/(Jarmuth)		(7) Josh 10:3,5,23, 12:11, 15:35, 21:29, Neh 11:29*
dH									Jattir			יַתִּיר/(Jattir)		H3492 town (4) Josh 15:48, 21:14, 1Sam 30:27, 1chr 6:57*
dH									Jearim			יְעָרִים/(Jearim)		(20) Josh 9:17, 15:9,60, 18:14-15,28, Jdg 18:12, ...
wdH									Jebus			יְבוּס/(Jebus)		city (4) Jdg 19:10-11, 1 Chr 11:4-5*
dH									Jericho			יְרִיחוֹ/(Jericho)		Heb 11:30
dH									Jerusalem			יְרוּשָׁלַיִם/(Jerusalem)
H									jesimoth			היְשִׁימוֹת		(4) Num 33:49, Josh 12:3, 13:20, Eze 25:9*
dH									Jesimoth			היְשִׁימוֹת/(Jesimoth)		(4) Num 33:49, Josh 12:3, 13:20, Eze 25:9*
dH									Jether			יֶתֶר/(Jether)		H3500 (8) Jdg 8:20, 1Ki 2:5,32, 1Chr 2:17,32, 4:17, 7:38*
dH									Jogbehah			יָגְבְּהָה/(Jogbehah)		(2) Num 32:35, Jdg 8:11*
dH									Jokdeam			יָקְדְעָם/(Jokdeam)		(1) Josh 15:56*
dH									Jokneam			יָקְנְעָם/(Jokneam)		(3) Josh 12:22, 19:11, 21:34*
dH									Jordan			יַרְדֵּן/(Jordan)
H									Kadesh			קָדֵשׁ		(10+?) Num 32:8, 34:4, Deu 1:2,19, 2:14, 9:23, ...
H									Kamon			קָמוֹן		H7056 (1) Jdg 10:5*
H									Karka			קַרְקַע		(1) Josh 15:3*
H									Karkor			קַרְקֹר		H7174 (1) Jdg 8:10 *
H									Kedemoth			קְדֵמוֹת		(4) Deu 2:26, Josh 13:18, 21:37, 1 Chr 6:79*
H									Kedesh			קֶדֶשׁ		(12) Josh 12:22, 15:23, 19:37, 20:7, 21:32, Jdg 4:6, ...
H									Kedron			קִדְרוֹן		John 18:1
H									Keilah			קְעִילָה		H7084 (18) Josh 15:44, 1Sam 23:1-8,10-13, 1Chr 4:19, Neh 3:17-18*
H									Kesalon			כְּסָלוֹן		(1) Josh 15:10*
dH									Chinnereth			כִּנֲרוֹת/(Chinnereth)		(7) Num 34:11, Deu 3:17, Josh 11:2, 12:3, 13:27, 19:35, 1Ki 15:20*
H									Kinnereth			כִּנֲרוֹת		(7) Num 34:11, Deu 3:17, Josh 11:2, 12:3, 13:27, 19:35, 1Ki 15:20*
H									Kishon			קִישׁוֹן		(6) Jdg 4:7,13, 5:21, 1Ki 18:40, Psa 83:9*
H									Kitron			קִטְרוֹן		(1) Jdg 1:30*
H									Lachish			לָכִישׁ		(24) Josh 10:3,5,23,31-35, 12:11, 15:39, ...
H									Laish			לַיִשׁ		H3919 (7) place Jdg 18:7,14,27,29, person 1Sam 25:44, 2Sam 3:15, place Isa 10:30*
H									Lebanon			לְבָנוֹן		(71) Deu 1:7, 3:25, 11:24, Josh 1:4, 9:1, ....
H									Lebonah			לְבוֹנָה		H3829 (1) Jdg 21:19*
H									Lehi			לֶחִי		H3896 (3) Jdg 15:9,14,19*
H									Libnah			לִבְנָה		(18) Num 33:20-21, Josh 10:29,31-32,39, 12:15, 15:42, ...
#H									Lydda			לֹד		Acts 9:32
wH									Luz			לוּז		(8) Gen 28:19, 35:6, 48:3, 16:2, 18:13, Jdg 1:23,26*
H									Machir			מָכִיר		(22) Gen 50:23, Num 26:29, 27:1, 32:39-40, 36:1, Deu 3:15, ...
H									Madon			מָדוֹן		(2) Josh 11:1, 12:19*
H									Mahanaim			מַחֲנָיִם		H4266 (13) Gen 32:2, Josh 13:26,30, 21:38, 2Sam 2:8, ...
H									Makkedah			מַקֵּדָה		(9) Josh 10:10,16-17,21,28-29, 12:16, 15:41*
H									Massah			מַסָּה		(4) Exo 17:7, Deu 6:16, 9:22, 33:8*
H									Medeba			מֵידְבָא		(5) Num 21:30, Josh 13:9,16, 1Chr 19:7, Isa 15:2*
H									Megiddo			מְגִדּוֹ		(12) Josh 12:21, 17:11, Jdg 1:27, 5:19, 1Ki 4:12, 9:15, ...
H									Meholathite			מְחֹלָתִי		H4259 (2) 1 Sam 18:19, 2Sam 21:8*
H									Mephaath			מוֹפַעַת		(4) Josh 13:18, 21:37, 1 Chr 6:79, Jer 48:21*
H									Meribah			מְרִיבָה		(6) Exo 17:7, Num 20:13,24, 27:14, Deu 33:8, Psa 81:7*
H									Merom			מֵרוֹם		(2) Josh 11:5,7*
H									Meroz			מֵרוֹז		(1) Jdg 5:23*
H									Michmash			מִכְמָס		H4363 (11) 1 Sam 13:2,5,11,16,23, 14:5,31, ...
H									Michmethath			מִכְמְתָת		(2) Josh 16:6, 17:7*
H									Migdol			מִגְדּוֹל		Exo 14:2, Num 33:7, Jer 44:1, 46:14, Eze 29:10, 30:6*
H									Migron			מִגְרוֹן		H4051 (2) 1Sam 14:2, Isa 10:28*
H									Minnith			מִנִּית		H4511 (2) Jdg 11:33, Eze 27:17*
H									Mizpah			מִּצְפָּה		(36) Gen 31:49, Josh 11:3, Jdg 10:17, 11:11,34, ...
H									Moreh			מוֹרֶה		H4176 (3) Gen 12:6, Deu 11:30, Jdg 7:1*
H									Moriah			מוֹרִיָּה		(2) land of Gen 22:2, Mt. 2Chr 3:1*
H									Nahalal			נַהֲלָל		{ (3) Josh 19:15, 21:35, Jdg 1:30*
H									Nahalol			נַהֲלָל		{ (3) Josh 19:15, 21:35, Jdg 1:30*
H									Naioth			נָוִית		H5121 (6) 1Sam 19:18-19,22-23, 20:1*
H									Negev			נֶגֶב		Gen 12:9, 13:1,3,14, 20:1, 24:62, 28:14, Exo 26:18, ...
H									Nobah			נֹבַח		H5025 (3) Num 32:42, Jdg 8:11*
wH									Nob			נוֹד		H5011 (6) 1Sam 21:2, 22:9,11,19, Neh 11:32, Isa 10:32*
wH									Nod			נוֹד		Gen 4:16
H									Paddan			פַּדַּ֣ן		Gen (as Paddan Aram)
H									Paran			פָּארָן		H6290 (11) Gen 21:21, Num 10:12, 12:16, 13:3,26, Deu 1:1, ...
wH									Pau			פָעוּ		Gen 36:39, 1Chr 1:50*
H									Peniel			פְּנִיאֵל		Gen 32:31
H									Penuel			פְּנוּאֵ֑ל		Gen 32:31
H									Peor			פְעוֹר		mountain (5) Num 23:28, 25:18, 31:16, Josh 22:17*
H									Persia			פָרַס		Ezra 1:1
H									Pirathon			פִרְעָתוֹן		H6553 (1) Jdg 12:15
H									Pisgah			פִסְגָּה		(8) Num 21:20, 23:14, Deu 3:17,27, 4:49, 34:1, Josh 12:3, 13:20*
H									Rabbah			רַבָּה		(15) Deu 3:11, Josh 13:25, 15:60, 2Sam 11:1, ...
H									Racal			רָכָל		{ H7403 (1) 1Sam 30:29*
H									Rachal			רָכָל		{ H7403 (1) 1Sam 30:29*
H									Ramah			רָמָה		(36) Josh 18:25, 19:8,29,36, Jdg 4:5, ... and Matt 2:18
H									Ramathaim			רָמָתַיִם		(1) 1Sam 1:1*
H									Ramoth			רָאמוֹת		(4) Deu 4:43, Josh 20:8, 1Chr 6:73,80*
H									Rehob			רְחֹב		(10) Num 13:21, Josh 19:28,30, 21:31, Jdg 1:31, 2Sam 8:3,12, ...
H									Rephidim			רְפִידִים		(5) Exo 17:1,8, 19:2, Num 33:14-15*
H									Salecah			סַלְכָה		(4) Deu 3:10, Josh 12:5, 13:11, 1Chr 5:11, 1Chr 5:11*
H									Salem			שָׁלֵם
H									Samaria			שֹׁמְרוֹן		Luke 17:11
dH									Sarepta			צֱרְפַת/(Sarepta)		Luke 4:26
H									Sarid			שָׂרִיד		(2) Josh 19:10,12*
H									Saron			שָׁרוֹן		Acts 9:35
H									Secu			שֵׂכוּ		H7906 (1) 1Sam 19:22*
H									Seneh			סֶנֶּה		rock/cliff H5573 (1) 1Sam 14:4*
H									Sepharad			סְפָרָד		H5614 (1) Oba 1:20*
H									Shaalbim			שַׁעַלְבִים		(3) Josh 19:42, Jdg 1:35, 1Ki 4:9*
H									Shaalim			שַׁעֲלִים		H8171 (1) 1Sam 9:4*
H									Shalishah			שָׁלִשָׁה		H8031 (1) 1Sam 9:4*
H									Shamir			שָׁמִיר		H8069 (3) Josh 15:48, Jdg 10:1-2*
H									Sharon			שָׁרוֹן		(7) Josh 12:18, 1Chr 5:16, 27:29, Sng 2:1, Isa 33:9, 35:2, 65:10*
H									Shebarim			שְׁבָרִים		(1) Josh 7:5*
wH									Shen			שֵׁן		H8129 (1) 1Sam 7:12*
H									Sheol			שְׁאוֹל		Job 7:9
H									shephelah			שְׁפֵלָה		H8219 lowlands (20) Deu 1:7, Josh 9:1, 10:40, 11:2,16, 12:8, ...
H									Shikkeron			שִׁכְּרוֹן		(1) Josh 15:11*
H									Shiloh			שִׁילֹה		H7887 (32) Josh 18:1,8-10, 19:51, 21:2, 22:9,12, Jdg 18:31, ...
H									Shimron			שִׁמְרוֹן		(5) Gen 46:13, Num 26:24, Josh 11:1, 19:15, 1Chr 7:1*
H									Shittim			שִׁטִּים		(5) Num 25:1, Josh 2:1, 3:1,18, Micah 6:5*
H									Shunem			שׁוּנֵם		H7766 (3) Josh 19:18, 1Sam 28:4, 2Ki 4:8*
H									Shur			שׁוּר		H7793 (6) Gen 16:7, 20:1, 25:18, Exo 15:22, 1Sam 15:7, 27:8*
H									Shushan			שׁוּשַׁן		Neh 1:1
wdH									Sidon			צִידוֹן/(Sidon)		Acts 12:20
wH									Sin			סִין		(6) Exo 16:1, 17:1, Num 33:11-12, Eze 30:15-16*
H									Sinai			סִינַי		Acts 7:30
H									Siphmoth			שִׂפְמוֹת		H8224 (1) 1Sam 30:28*
H									Socoh			שׂוֹכֹה		H7755 (8) Josh 15:35,48, 1Sam 17:1, 1Ki 4:10, 1Chr 4:18, ...
H									Sodom			סְדֹם		Gen
H									Sorek			שׂוֹרֵק		valley H7796 (1) Jdg 16:4*
H									Succoth			סֻכּֽוֹת		Gen 33:17
wdH									Syria			אֲרָם/(Syria)
H									Taanach			תַּעֲנָךְ		(7) Josh 12:21, 17:11, 21:25, Jdg 1:27, 5:19, 1Ki 4:12, 1Chr 7:29*
H									Tabbath			טַבַּת		H2888 (1) Jdg 7:22*
H									Tabor			תָּבוֹר		mountain (10) Josh 19:22, Jdg 4:6,12,14, 8:18, 1Sam 10:3, ...
H									Tappuah			תַּפוּחַ		(6) Josh 12:17, 15:34, 16:8, 17:8, 1Chr 2:43*
H									Telaim			טְלָאִים		H2923 (1) 1Sam 15:4*
wH									Teman			תֵּימָן		Obad 1:9 district of Edom
H									Thebez			תֵּבֵץ		H8405 (3) Jdg 9:50, 2Sam 11:21*
H									Tirzah			תִּרְצָה		H8656 (18) Num 26:33, 27:1, 36:11, Josh 12:24, 17:3, 1Ki 14:17, ...
wH									Tob			טוֹב		H2897 (4) Jdg 11:3,5, 2 Sam 10:6,8*
wdH									Tyre			צֹר/(Tyre)
H									Yazer			יַעֲזֵיִר		(13) Num 21:32, 32:1,3,35, Josh 13:25, ...
dH									Zaanannim			צַעֲנַנִּים/(Zaanannim)		H6815 (2) Josh 19:33, Jdg 4:11*
dH									Zalmun			צַלְמוֹן/(Zalmun)		H6756 (3) Jdg 9:48, 2Sam 23:28, Psa 68:14*
H									Zanoah			זָנוֹחַ		(5) Josh 15:34,56, 1Chr 4:18, Num 3:13, Neh 11:30*
dH									Zarephath			צֱרְפַת/(Zarephath)		H6886 (3) 1 Ki 17:9-10, Oba 1:20*
dH									Zarethan			צֱרְתָן/(Zarethan)		(3) Josh 3:16, 1 Kgs 4:12, 7:46*
dH									Zelzah			צֶלְצַח/(Zelzah)		(1) 1Sam 10:2*
dH									Zephath			צְפַת/(Zephath)		(1) Jdg 1:17*
dH									Zererah			צְרֵרָה/(Zererah)		H6888 (1) Jdg 7:22*
dH									zophim			צוֹפִים/(zophim)		H7436 (1) 1Sam 1:1*
dH									Zophim			צוֹפִים/(Zophim)		H7436 (1) 1Sam 1:1*
dH									Zorah			צָרְעָה/(Zorah)		Judges 13:2
dH									Ziklag			צִקְלַג/(Ziklag)		H6860 (15) Josh 15:31, 19:5, 1Sam 27:6, 30:1,14,26, 2Sam 1:1, ...
dH									Zion			צִיּוֹן/(Zion)
wdH									Zin			צִיּוֹן/(Zin)		(10) Num 13:21, Num 20:1, 27:14, 33:36, 34:3-4, Deu 32:51, Josh 15:1,3*
wdH									Ziph			זִיף		H2128 (10) Josh 15:24,55, 1Sam 23:14-16,24, ...

# Months
H									Chislev			כִּסְלֵו		Neh 1:1

# Measures
wH									omer			עֹמֶר		(14) Exo 16:16,19,22,32-33,36, Lev 23:10
wH									efah			אֵיפָה		(40) Exo 16:36, Lev 5:11, 6:20, 19:36, Num 5:15

# Other
dH									Ecclesiastes			קֹהֶלֶת/(orator)
H									Elohim			אֱלֹהִים		H430 Usually translated as ‘God’ (2598) Gen 1:1, ...
H									Ephphatha			פְתַח

# Post-processing -- we superscript people and place names that end with El or Yah
									ʼēl			\sup ʼēl\sup*
									yāh			\sup yāh\sup*
