TraditionalName	RVName	Explained	Comment
Aaron	Aharon	Y
Abaddon	Abaddon
Abaddon	Avaddon
Abanah	Avanah
Abda	Avda
Abdi	Avdiy
Abdon	Avdon
Abed	Aved
Abed-nego	Aved-Nego
Abednego	Aved-Nego
Abel	Abel
Abel	Hevel
Abel	Avel
Abi	Avi
Abiathar	Abiathar
Abiathar	Avyatar
Abida	Avida
Abiel	Aviel
Abiezer	Avieezr
Abigail	Avigayil
Abihail	Avihayil
Abihu	Avihu
Abijah	Abia
Abijah	Aviyah
Abijam	Aviyam
Abilene	Abilainai
Abimael	Avimael
Abimelech	Avimelek
Abinadab	Avinadav
Abinoam	Avinnoeam
Abiram	Aviram
Abishag	Avishag
Abishai	Avshay
Abishai	Avishay
Abishua	Avishuea
Abishur	Avishur
Abital	Avital
Abitub	Avituv
Abiud	Abioud
Abner	Avner
Abraham	Abraam
Abraham	Avraham
Abram	Avram
Absalom	Avishalom
Abshai	Avshay
Acco	Akko
Achaia	Akaia
Achaicus	Akaikos
Achan	Akan
Achar	Akar
Achaz	Akaz
Achbor	Akbor
Achim	Akeim
Achish	Akish
Achmetha	Ahmeta
Achor	Akor
Achsah	Aksah
Achzib	Akziv
Acshaph	Akshaf
Aczib	Akziv
Adah	Adah
Adaiah	Adayah
Adam	Adam
Adam	Adam
Adar	Addar
Adbeel	Adbeel
Addan	Addan
Addar	Addar
Addi	Addi
Adiel	Adiel
Adin	Adin
Adina	Adina
Adlai	Adlay
Admah	Adamah
Admin	Admin
Adna	Adna
Adon	Addon
Adonijah	Adoniyyah
Adonikam	Adonikam
Adoniram	Adoniram
Adoram	Adoram
Adrammelech	Adrammelek
Adramyttium	Adramuttainos
Adriatic	Adrias
Adriel	Adriel
Adronicus	Andronikos
Adullam	Adullam
Aenon	Ainon
Agabus	Agabos
Agee	Age
Agrippa	Agrippas
Ahab	Ahav
Aharah	Ahrah
Aharhel	Aharhel
Ahasbai	Ahasbay
Ahasuerus	Ahashverosh
Ahava	Ahava
Ahaz	Akaz
Ahaz	Ahaz
Ahaziah	Ahazyah
Ahban	Ahvan
Aher	Aher
Ahi	Ahi
Ahiam	Ahiam
Ahian	Ahyan
Ahiezer	Ahieezer
Ahihud	Ahihud
Ahijah	Ahiyyah
Ahikam	Ahikam
Ahilud	Ahilud
Ahimaaz	Ahimaats
Ahiman	Ahiman
Ahimelech	Ahimelek
Ahimoth	Ahimot
Ahinadab	Ahinadav
Ahinoam	Ahinoeam
Ahio	Ahyo
Ahishahar	Ahishahar
Ahishar	Ahishar
Ahithophel	Ahitofel
Ahitub	Ahituv
Ahlab	Ahlav
Ahlai	Ahlay
Ahoah	Ahoah
Ahohite	Ahohi
Ahumai	Ahumay
Ahuzzam	Ahuzzam
Ahzai	Ahzay
Ai	Ay
Aiah	Ayyah
Aijalon	Ayyalon
Ain	Ayin
Akeldamach	Akeldama
Akkub	Akkuv
Akzib	Akziv
Alameth	Alemet
Alemeth	Alemet
Alexander	Alexandros
Alexandrian	Alexandria
Aliah	Alvah
Alian	Alvan
Allemeth	Alemet
Allon	Allon
Almodad	Almodad
Almon	Almon
Alpheus	Alfaios
Alvah	Alvah
Alvan	Alvan
Alyan	Alvan
Amal	Amal
Amalek	Amalek
Amanah	Amanah
Amariah	Amaryah
Amasa	Amasa
Amashai	Amashsay
Amashsai	Amashsay
Amaziah	Amatsyah
Ami	Ami
Aminadab	Aminadab
Amittai	Amittay
Ammah	Ammah
Ammiel	Ammiyel
Ammihud	Ammihud
Ammihud	Ammiyhur
Amminadab	Amminadav
Ammizabad	Ammizavad
Ammon	Ammon
Ammonite	Ammoni
Ammonites	Ammoni
Amnon	Amnon
Amok	Amok
Amon	Amon
Amorite	Amori
Amorites	Amori
Amos	Amos
Amos	Amots
Amoz	Amots
Amphipolis	Amfipolis
Ampliatus	Amplias
Amram	Amram
Amran	Hamran
Amzi	Amtsi
Anah	Anah
Anaiah	Anayah
Anak	Anak
Anakim	Anaki
Anakites	Anaki
Anam	Anamim
Anamim	Anamim
Anamites	Anamim
Anammelech	Anammelek
Anan	Anan
Anani	Anani
Ananiah	Ananyah
Ananias	Ananias
Anath	Anat
Anathoth	Antoti
Anathoth	Anatot
Anathothite	Antoti
Andrew	Andreas
Andronicus	Andronikos
Anem	Anem
Aner	Aner
Aniam	Anieam
Anna	Hanna
Annas	Annas
Anthothijah	Antotiyyah
Antioch	Antiokeia
Antiochene	Antiokeia
Antipatris	Antipatris
Antothijah	Antotiyyah
Anub	Anuv
Apelles	Apellais
Aphek	Afek
Aphiah	Afiah
Apollonia	Apollonia
Apollos	Apollos
Apollyon	Apolluon
Appaim	Appayim
Apphia	Apfia
Appius	Appios
Akuila	Akulas
Ara	Ara
Arab	Aravi
Arabah	Aravah
Arabia	Arabia
Arabia	Erev
Arabian	Aravi
Arabians	Aravi
Arabs	Arabia
Arabs	Aravi
Arad	Arad
Arah	Arah
Aram	Aram
Aram	Aram
Aramaic	Aramit
Aramean	Arammiy
Arameans	Arammiy
Arameans	Aram
Aran	Aran
Ararat	Ararat
Araunah	Aravnah
Arba	Arba
Arbathite	Arvati
Arbite	Arbiy
Archelaus	Arkelaos
Archippus	Arkippos
Archite	Arki
Ardon	Ardon
Areopagite	Areopagitais
Aretas	Aretas
Argob	Argov
Arieh	Aryeh
Ariel	Ariel
Aries	Areios
Arimathea	Arimathaia
Arioch	Areyok
Aristarchus	Aristarkos
Aristobulus	Aristoboulos
Arkite	Arki
Arkites	Arki
Armageddon	Harmagedon
Armoni	Armoni
Arnan	Arnan
Arni	Arni
Arnon	Arnon
Aroer	Aroer
Arpachshad	Arpakshad
Arpad	Arpad
Arphaxad	Arfaxad
Arphaxad	Arpakshad
Arki	Arki
Artaxerxes	Artahshashta
Artemas	Artemas
Artemis	Artemis
Arubboth	Arubot
Aruboth	Arubot
Arumah	Arumah
Arvad	Arvad
Arvadi	Arvadi
Arvadite	Arvadi
Arvadites	Arvadi
Aryok	Areyok
Arza	Artsah
Asa	Asa
Asah	Asah
Asahel	Asahel
Asaiah	Asayah
Asaph	Asaf
Asaph	Asaf
Asarel	Asarel
Asarelah	Asarelah
Asenath	Esenat
Aser	Asair
Ashan	Ashan
Asharelah	Asarelah
Ashbea	Eshbea
Ashbel	Ashbel
Ashdod	Ashdod
Asher	Asher
Asherah	Asherah
Ashima	Ashima
Ashkelon	Ashkelon
Ashkenaz	Ashkenaz
Ashpenaz	Ashpenaz
Ashtaroth	Ashtarot
Ashterathite	Ashterati
Ashtoreth	Ashtoret
Ashurites	Ashuri
Ashvath	Ashvat
Asia	Asia
Asians	Asia
Asiel	Asiyel
Asna	Asnah
Asnappar	Asenappar
Asriel	Asriel
Asshur	Ashshur
Asshur	Ashhur
Asshurim	Ashuri
Assir	Assir
Assos	Assos
Assyria	Ashshur
Asyncritus	Asugkritos
Atarah	Atarah
Ataroth	Atarot
Ater	Ater
Athach	Atak
Athaiah	Atayah
Athaliah	Atalyah
Athenians	Athainai
Athens	Athainai
Athlai	Atlay
Atroth	Atrot
Attai	Attay
Augustus	Augustus
Avims	Avviy
Avites	Avviy
Avith	Avit
Avvah	Ivvah
Azal	Atsal
Azaliah	Atsalyahu
Azaniah	Azanyah
Azareel	Azarel
Azarel	Azarel
Azariah	Azaryah
Azaryah	Azaryah
Azaz	Azaz
Azaziah	Azazyahu
Azbuk	Azbuk
Azekah	Azekah
Azel	Atsel
Azgad	Azgad
Aziel	Aziel
Aziza	Aziza
Azmaveth	Azmavet
Azor	Azor
Azotus	Azotos
Azriel	Azriel
Azrikam	Azrikam
Azubah	Azuvah
Azzur	Azzur
Baal	Baal
Baal	Baal
Baal-perazim	Baal-Peratsim
Baalah	Baalah
Baalat	Baalat
Baalperazim	Baal-Peratsim
Baana	Baana
Baanah	Baanah
Baasha	Baesha
Babel	Bavel
Babylon	Babulon
Babylon	Bavel
Baharumite	Bharumi
Bahurim	Bahurim
Bakbakkar	Bakbakkar
Bakbuk	Bakbuk
Bakbukiah	Bakbukyah
Balaam	Balaam
Balaam	Bileam
Baladan	Baladan
Balah	Balah
Balak	Balak
Bamah	Bamah
Bani	Bani
Barabbas	Barabbas
Barachias	Barakias
Barak	Barak
Barak	Barak
Barhumite	Barhumi
Bariah	Bariah
Barjesus	Bariaisous
Barkos	Barkos
Barnabas	Barnabas
Barnea	Barnea
Barsabbas	Barsabbas
Bartholomew	Bartholomaios
Bartimaeus	Bartimaios
Baruch	Baruk
Barzillai	Barzillay
Basemath	Basemat
Bashan	Bashan
Bath	Bat
Bath-rabbim	Bat-Rabim
Bathrabbim	Bat-Rabim
Bathsheba	Bat-Sheva
Bavai	Bauy
Bavvai	Bauy
Bazlith	Batslut
Bazluth	Batslut
Bealiah	Bealyah
Bealoth	Bealot
Bebai	Bevay
Becher	Beker
Becorath	Bekorat
Bedad	Bedd
Bedan	Bedan
Bedeiah	Bedeyah
Beeliada	Beeelyada
Beelzeboul	Beelzeboul
Beer	Beer
Beer-	Beer
Beera	Beera
Beerah	Beerah
Beeri	Beeri
Beeroth	Beerot
Beersheba	Beer-Sheva
Bela	Bela
Beliar	Beliar
Belshazzar	Beleshatstsr
Belteshazzar	Beleteshatstsar
Ben	Ben
Benaiah	Benayah
Beninu	Beninu
Benjamin	Benyamin
Beno	Beno
Beor	Beeor
Beracah	Berakah
Beraiah	Berayah
Berea	Beroia
Berean	Beroia
Berechiah	Berekyah
Bered	Bered
Berekiah	Berekyah
Beri	Beri
Beriah	Berieaha
Bernice	Bernikai
Berothah	Berotah
Berothai	Berotah
Besai	Besay
Besodeiah	Besodeyah
Besor	Besor
Betah	Beth
Beth	Beyt
Beth-aven	Beyt-Aven
Beth-biri	Beyt-Biri
Beth-ezel	Beyt-Haetsel
Beth-haccerem	Beyt-Hakkerem
Beth-marcaboth	Beyt-Hmmrekkavot
Beth-rapha	Beyt-Rafa
Beth-shean	Beyt-Shean
Beth-shemesh	Beyt-Shemesh
Bethany	Baithania
Bethbirei	Beyt-Biri
Bethel	Beyt-El
Bethezel	Beyt-Haetsel
Bethhaccerem	Beyt-Hakkerem
Bethlehem	Baithleem
Bethlehem	Beyt-Lehem
Bethmarcaboth	Beyt-Hmmrekkavot
Bethphage	Baithfagai
Bethrapha	Beyt-Rafa
Bethsaida	Baithsaida
Bethshean	Beyt-Shean
Bethshemesh	Beyt-Shemesh
Bethuel	Betuel
Bethul	Betul
Betonim	Vbetonim
Bezai	Betsay
Bezalel	Betsalel
Bezek	Bezek
Bezer	Betser
Bichri	Bikri
Bidkar	Bidkr
Bigvai	Bigvay
Bigvay	Bigvay
Bildad	Bildad
Bilgah	Bilgah
Bilgai	Bilgay
Bilhah	Bilhah
Bilhan	Bilhan
Bilshan	Bilshan
Bimhal	Bimhal
Binea	Binea
Binnui	Binnuy
Birzaith	Birzot
Birzavith	Birzot
Bishlam	Bishlam
Bithiah	Bityah
Bithynia	Bithunia
Blastus	Blastos
Boaz	Booz
Boaz	Boeaz
Bocheru	Bokru
Bochim	Bokim
Bohan	Bohn
Boscath	Batsekat
Bosor	Bosor
Bosor	Beeor
Bozez	Botsets
Bozkath	Batsekat
Bozrah	Batserah
Bukki	Bukkiy
Bukkiah	Bukkiyyah
Bul	Bul
Bunah	Bunah
Bunni	Bunniy
Buz	Buz
Buzi	Buzi
Cabul	Kavul
Caesar	Kaisar
Caesarea	Kaisareia
Caiaphas	Kaiafas
Cain	Kain
Cain	Kayin
Cainan	Kainan
Cainan	Keynan
Calcol	Kalkol
Caleb	Kalev
Cana	Kana
Canaan	Kinaan
Canaan	Kanaan
Canaanite	Kananitais
Canaanite	Kenaani
Canaanites	Kenaani
Candace	Kandakai
Capernaum	Kafarnaoum
Caphtor	Kaftor
Caphtor	Kaftori
Caphtorims	Kaftori
Caphtorites	Kaftori
Cappadocia	Kappadokia
Carites	Kari
Carmel	Karmel
Carmelite	Karmeli
Carmi	Karmi
Carpus	Karpos
Casiphia	Kasifya
Casluh	Kasluhim
Casluhim	Kasluhim
Casluhites	Kasluhim
Celubai	Keluvay
Cenchrea	Kegkreai
Cephas	Kaifas
Chalcol	Kalkol
Chaldeans	Kasdiy
Chaldeans	Kaldia
Charashim	Harashim
Chebar	Kevar
Chelub	Keluv
Chelubai	Keluvay
Cheluhi	Keluhayo
Chemosh	Kemosh
Chenaanah	Kenaanah
Chenani	Kenani
Chenaniah	Kenanyah
Chephirah	Kefirah
Cheran	Keran
Cherethites	Kereti
Cherith	Kerit
Cherub	Keruv
Chesalon	Kesalon
Chidon	Kidon
Chileab	Kilav
Chilion	Kilyon
Chilmad	Kilmad
Chimham	Kimham
Chinnereth	Kinarot
Chios	Kios
Chislev	Kislev
Chittim	Kittim
Chloe	Kloai
Chorazin	Korazin
Chub	Kuv
Cilicia	Kilikia
Clauda	Klaudai
Claudia	Klaudia
Claudius	Klaudios
Clement	Klaimais
Cleopas	Kleopas
Cnidus	Knidos
Col	Kal
Col-hozeh	Kal-Hozeh
Colosse	Kolossai
Corinth	Korinthos
Corinthians	Korinthios
Cornelius	Kornailios
Cos	Kos
Cosam	Kosam
Cozeba	Kozava
Crescens	Kraiskais
Cretans	Kraitai
Crete	Kraitai
Crispus	Krispos
Cun	Kun
Cush	Kush
Cushan	Kushan
Cushi	Kushiy
Cuth	Kut
Cuthah	Kut
Cyprian	Kupros
Cyprus	Kupros
Cyrene	Kurainai
Cyrenian	Kurainai
Cyrenians	Kurainai
Cyrenius	Kurainios
Cyrus	Koresh
Dabbesheth	Dabeshet
Daberath	Davrat
Dagon	Dagon
Dalmanutha	Dalmanoutha
Dalmatia	Dalmatia
Damaris	Damaris
Damascene	Damaskos
Damascene	Dammesek
Damascus	Damaskos
Damascus	Dammesek
Dan	Dan
Daniel	Daniail
Daniel	Daniyyel
Danites	Dani
Dara	Dara
Darda	Darda
Darius	Dareyavesh
Darkon	Darkon
Dathan	Datan
David	Dawid
David	David
Debir	Devir
Deborah	Deborah
Decapolis	Dekapolis
Dedan	Dedan
Delaiah	Delayah
Delilah	Dililah
Demas	Daimas
Demetrius	Daimaitrios
Derbe	Derbai
Derbean	Derbai
Diblah	Develah
Diblaim	Divlayim
Dibon	Diyvon
Didymus	Didumos
Diklah	Diklah
Dinah	Dinah
Dinhabah	Dinhavah
Dionysius	Dionusios
Diotrephes	Diotrefais
Diphath	Rifat
Dishan	Diyshan
Dishon	Diyshon
Dodai	Doday
Dodanim	Dodanim
Dodo	Dodo
Doeg	Doeg
Dor	Dor
Dorcas	Dorkas
Dothan	Dotan
Drusilla	Drousilla
Dumah	Dumah
Daniyyel	Daniyyel
Ebal	Eyval
Ebed	Eved
Ebenezer	Even-Haeezer
Eber	Heber
Eber	Ever
Ebiasaph	Evyasaf
Ecbatana	Ahmeta
Ecclesiastes	Kohelet
Eden	Eden
Eder	Eder
Eder	Eder
Edom	Edom
Edom	Edom
Edrai	Edreei
Edrei	Edreei
Eglah	Eglah
Eglaim	 eEglayim
Eglon	Eglon
Egypt	Aiguptos
Egypt	Mitsrayim
Egyptian	Aiguptos
Egyptian	Mitsrayim
Egyptians	Aiguptos
Egyptians	Mitsrayim
Ehud	Ehud
Eker	Eker
Ekron	Ekron
El	El
Ela	Elah
Elah	Elah
Elam	Eylam
Elamites	Elam
Elasah	Eleasah
Elath	Eylot
Eldaah	Eldaah
Elead	Elead
Eleadah	Eleadah
Eleasah	Eleasah
Eleazar	Eleazar
Elhanan	Elhanan
Eli	Aili
Eli	Eli
Eliab	Eliav
Eliada	Elyada
Eliahba	Elyahba
Eliakim	Eliakeim
Eliakim	Elyakim
Eliam	Elieam
Eliashib	Elyashiv
Eliathah	Eliatah
Eliehoenai	Elyehoeynay
Eliel	Eliel
Elienai	Elieeynay
Eliezer	Eliezer
Eliezer	Elieezer
Elihoenai	Elyehoeynay
Elihoreph	Elihoref
Elihu	Elihu
Elijah	Ailias
Elijah	Eliyah
Elika	Elika
Elim	Eylim
Elimelech	Elimelek
Elioenai	Elyehoeynay
Eliphal	Elifal
Eliphalet	Elifelet
Eliphaz	Elifaz
Elipheleh	Elifelehu
Eliphelehu	Elifelehu
Eliphelet	Elifelet
Elisha	Elissaios
Elisha	Elisha
Elishaphat	Elishafat
Elisheba	Elisheva
Elishua	Elishuea
Eliud	Elioud
Elizabeth	Elisabet
Elizaphan	Elitsafan
Elkanah	Elkanah
Elkoshite	Elkshiy
Elmadam	Elmodam
Elnaam	Elnaam
Elnathan	Elnatan
Elohim	Elohim
Elon	Eylon
Eloth	Eylot
Elpaal	Elpaal
Elpalet	Elifelet
Elpelet	Elifelet
Eltekon	Eltekon
Eltolad	Eltolad
Elul	Elul
Eluzai	Eleuzay
Elymas	Elumas
Elzabad	Elzavad
Elzaphan	Elitsafan
Emmanuel	Emmanouail
Emmaus	Emmaous
Emmor	Emmor
Emori	Amori
En	 Eyn
En-eglaim	 Eyn-Eglayim
En-gedi	 Eyn-gedi
En-rimmon	 Eyn-Rimmon
Enan	 Eynan
Enan	 Eynon
Eneas	Aineas
Eneglaim	 Eyn-Eglayim
Engedi	 Eyn-Gedi
Enoch	Enok
Enoch	Hanok
Enos	Enos
Enosh	Enosh
Enrimmon	 Eyn-Rimmon
Epaenetus	Epainetos
Epaphras	Epafras
Epaphroditus	Epafroditos
Ephah	Eyfah
Epher	Efer
Ephesian	Efesos
Ephesians	Efesos
Ephesus	Efesos
Ephlal	Eflal
Ephphatha	Effatha
Ephphatha	Fetah
Ephraim	Efrayim
Ephraimite	Efrati
Ephrath	Efrat
Ephrathah	Efratah
Ephrathite	Efrati
Ephrathites	Efrati
Ephron	Efron
Epicureans	Epikoureios
Er	Air
Er	Er
Erastus	Erastos
Esar	Esar
Esarhaddon	Esar-Haddon
Esau	Aisau
Esau	Esav
Eshbaal	Ashbaal
Eshban	Eshsheban
Eshek	Eshek
Eshtaol	Eshtaol
Eshtemoa	Eshtemoea
Eshtemoh	Eshtemoea
Eshton	Eshton
Esli	Esli
Esrom	Hesrom
Esther	Ester
Etam	Eytam
Ethan	Eytan
Ethanim	Etanim
Ethbaal	Etbaal
Ether	Eter
Ethiopia	Kush
Ethiopian	Aithiops
Ethiopian	Kushiy
Ethiopians	Aithiops
Ethiopians	Kushiy
Ethnan	Etnan
Eubulus	Euboulos
Eunice	Eunikai
Euodia	Euodia
Euphrates	Eufratais
Euphrates	Perat
Eurakuilo	Eurokludon
Eutychus	Eutukos
Eve	Heua
Eve	Havvah
Ezbai	Ezbay
Ezbon	Etsbo
Ezekiel	Yehezkel
Ezel	Haetsel
Ezem	Etsem
Ezer	Etser
Ezer	Ezer
Ezer	Ezer
Ezra	Ezra
Ezrahite	Ezrahi
Ezri	Ezri
Felix	Failix
Festus	Faistos
Fortunatus	Fortounatos
Gaal	Gaal
Gaash	Gaash
Gabbai	Gabay
Gabbatha	Gabbatha
Gabriel	Gabriail
Gabriel	Gavriel
Gad	Gad
Gad	Gad
Gadarenes	Gadarainos
Gader	Gader
Gadi	Gadi
Gadite	Gadi
Gadites	Gadi
Gahar	Gahar
Gaius	Gaios
Galal	Galal
Galatia	Galatia
Galatian	Galatikos
Galed	Galeed
Galilean	Galilaios
Galileans	Galilaios
Galilee	Galilaia
Galilee	Galil
Gallim	Gallim
Gallio	Gallion
Gamaliel	Gamaliail
Gamaliel	Gamliel
Gammadim	Gammad
Gammadites	Gammad
Gamul	Gemul
Gareb	Garev
Garmite	Garmi
Gatam	Gaetam
Gath	Gat
Gaza	Gaza
Gaza	Azzah
Gazez	Gazez
Gazzam	Gazzam
Geba	Geva
Gebal	Geval
Gebalite	Givli
Gebalites	Givli
Geber	Gever
Gedaliah	Gedalyah
Geder	Geder
Gederah	Gederah
Gederathite	Gederati
Gederite	Gedery
Gedi	 Gedi
Gedor	Gedor
Gehazi	Geyhazi
Gehenna	geenna
Geliloth	Gelilot
Gennesaret	Gennaisaret
Genubath	Genuvat
Gera	Gera
Gerasenes	Gerasainon
Gerizim	Gerizim
Gershom	Gereshom
Gershon	Gereshon
Geshan	Geyshan
Geshem	Geshem
Geshur	Geshur
Geshuri	Geshuri
Geshurites	Geshuri
Gether	Geter
Gethsemane	Gethsaimanai
Gezer	Gezer
Giah	Giyaah
Gibbar	Givar
Gibbethon	Gibton
Gibea	Givea
Gibeah	Giveah
Gibeathite	Giveati
Gibeon	Giveon
Giddalti	Giddaltiy
Giddel	Giddel
Gideon	Gedeon
Gideon	Gideon
Gidom	Gideom
Gilalai	Gilalay
Gilboa	Gilboea
Gilead	Gilead
Gilgal	Gilgal
Giloh	Giloh
Gilonite	Giloni
Ginath	Ginnat
Ginnetho	Ginneton
Ginnethoi	Ginneton
Ginnethon	Ginneton
Girgashi	Girgashiy
Girgashite	Girgashiy
Girgashites	Girgashiy
Gishpa	Gishpa
Gittaim	Gittayim
Gittite	Gittiy
Gizonite	Gizoni
Gob	Gov
Gog	Gog
Golan	Golan
Golgotha	Golgotha
Goliath	Galeyat
Gomer	Gomer
Gomorrah	Gomorra
Gomorrah	Amorah
Goshen	Goshen
Goyim	Goy
Gozan	Gozan
Greece	Hellas
Greece	Yavan
Greek	Hellain
Greeks	Hellains
Guni	Guni
Gur	Gur
Ha	Ha
Haahashtari	Haahashtari
Habaiah	Havayyah
Habakkuk	Havakkuk
Habor	Havor
Hacaliah	Hakalyah
Hachilah	Hakilah
Hachmoni	Hakmoni
Hachmonite	Hakmoni
Hacmoni	Hakmoni
Hacmonite	Hakmoni
Hadad	Hadad
Hadadezer	Hadadeezer
Hadassah	Hadassah
Hades	Haidais
Hadid	Hadid
Hadoram	Hadoram
Hadrach	Hadrak
Hagab	Hagav
Hagabah	Hagava
Hagar	Hagar
Hagar	Hagar
Hagarites	Hagri
Hagerite	Hagri
Hagerites	Hagri
Haggai	Haggay
Haggeri	Hagri
Haggiah	Haggiyyah
Haggith	Haggit
Hagri	Hagri
Hagrite	Hagri
Hagrites	Hagri
Hakkoz	Hakkots
Hakupha	Hakufa
Halah	Halah
Halak	Halak
Halhul	Halhul
Hali	Hali
Hallohesh	Hallohesh
Ham	Ham
Hamath	Hamat
Hamathite	Harodi
Hamathites	Harodi
Hamati	Harodi
Hammath	Hammat
Hammelech	Hamelek
Hammolecheth	Hammoleket
Hammoleketh	Hammoleket
Hammon	Hammon
Hammuel	Hammuel
Hamon	Hamon
Hamon-Gog	Hamon-Gog
Hamon-gog	Hamon-Gog
Hamor	Hamor
Hamran	Hamran
Hamuel	Hammuel
Hamul	Hamul
Hamutal	Hamutal
Hanan	Hanan
Hananel	Hananel
Hanani	Hanani
Hananiah	Hananyah
Haniel	Hanniyel
Hannah	Hannah
Hanniel	Hanniyel
Hanoch	Hanok
Hanun	Hanun
Happizzez	Happitstsets
Happuk	Hafuk
Hara	Hara
Haran	Haran
Haran	Karran
Hararite	Harari
Hareph	Haref
Harhaiah	Harhayah
Harhas	Harhas
Harhur	Harhur
Harim	Harim
Hariph	Harif
Harnepher	Harnefer
Harodite	Harodi
Haroeh	Haroeh
Harorite	Harori
Harsha	Harsha
Harum	Harum
Harumaph	Harumaf
Haruphite	Harufi
Haruz	Haruts
Hasadiah	Hasadyah
Hashabiah	Hashavyah
Hashabnah	Hashavnah
Hashabneiah	Hashavneyah
Hashbaddanah	Hashbaddanah
Hashem	Hashem
Hashubah	Hashuvah
Hashum	Hashum
Hassenaah	Hassenaah
Hassenuah	Senuah
Hasshub	Hashsheuv
Hassophereth	Soferet
Hasupha	Hasufa
Hathath	Htat
Hatipha	Hatifa
Hatita	Hatita
Hattil	Hattil
Hattush	Hattush
Hauran	Havran
Havilah	Havilah
Havvoth	Havvot
Hazael	Hazael
Hazaiah	Hazayah
Hazar	 Hatsar
Hazar-enan	 Hatsar-Eynan
Hazar-enan	 Hatsar-Eynon
Hazar-hatticon	Hatsar-Hattikon
Hazar-shual	 Hatsar-Shueal
Hazar-susim	 Hatsar-Susim
Hazarenan	 Hatsar-Eynan
Hazarenan	 Hatsar-Eynon
Hazarhatticon	Hatsar-Hattikon
Hazarshual	 Hatsar-Shueal
Hazarsusim	 Hatsar-Susim
Hazer	 Hatser
Haziel	Haziel
Hazor	Hatsor
Hazzebaim	Tsevayim
Hazzelelponi	Hatslelponi
Heber	Hever
Hebrew	Hebraios
Hebrews	Hebraios
Hebrews	Ivri
Hebron	Hevron
Helah	Helah
Helam	Heylam
Helbah	Helbah
Helbon	Helbon
Heldai	Helday
Heleb	Helev
Heled	Heled
Helem	Helem
Helez	Helets
Heliopolis	Beyt-Shemesh
Helkai	Helkay
Hellenists	Hellainistais
Heman	Heyman
Hen	Hen
Hena	Hena
Henadad	Henadad
Hepher	Hefer
Heres	Heres
Heresh	Heresh
Hereth	Heret
Hermas	Hermas
Hermes	Hermais
Hermogenes	Hermogenais
Hermon	Hermon
Herod	Hairodais
Herodians	Hairodais
Herodias	Hairoidias
Herodion	Hairoidion
Hesed	Hesed
Heshbon	Heshbon
Heth	Het
Hezeki	Hizki
Hezekiah	Hezekias
Hezekiah	Hizkiyah
Hezion	Hezyon
Hezir	Hezir
Hezro	Hetsro
Hezron	Hesrom
Hezron	Hetsron
Hiddai	Hidday
Hiel	Hiel
Hierapolis	Hierapolis
Higgaion	Higgayon
Hilkiah	Hilkiyyah
Hillel	Hillel
Hinnom	Hinnom
Hirah	Hirah
Hiram	Hiram
Hittite	Hittiy
Hittites	Hittiy
Hivite	Hiui
Hivites	Hiui
Hivvi	Hiui
Hizki	Hizki
Hizkiah	Hizkiyyah
Hobab	Hovav
Hobaiah	Havayyah
Hod	Hod
Hodaviah	Hodavyah
Hodesh	Hodesh
Hodevah	Hodevah
Hodiah	Hodiyyah
Hoham	Hoham
Holon	Holon
Homam	Homam
Hophni	Hafeni
Horam	Horam
Horeb	Horev
Horesh	Horesh
Hori	Hori
Hormah	Haremah
Horon	Horon
Hosah	Hosah
Hosea	Hoshea
Hoshaiah	Hoshieih
Hoshama	Hoshama
Hoshea	Hoshea
Hotham	Hotam
Hothir	Hotir
Hozeh	Hozeh
Hukkok	Hukkok
Hukok	Hukkok
Hul	Hul
Huldah	Huldah
Huppah	Huppah
Huppim	Huppim
Hur	Hur
Hurai	Huray
Huram	Huram
Huri	Huri
Hushah	Hushah
Hushai	Hushay
Husham	Husham
Hushathite	Hushati
Hushim	Hushim
Hymeneus	Humenaios
Ibhar	Yavehar
Ibleam	Yivleam
Ibneiah	Yivneyah
Ibnijah	Yivniyyah
Ibri	Ivri
Ibsam	Yivsam
Ibzan	Ivtsan
Ichabod	Ī-Kavod
Iconium	Ikonion
Idbash	Yidbas
Iddo	Yiddo
Iddo	Iddo
Idumea	Idoumaia
Igal	Yigal
Ijon	Iyyon
Ikkesh	Ikkesh
Ilai	Īlay
Illyricum	Illurikon
Imlah	Yimla
Immanu-el	Immanu-El
Immanuel	Immanu-El
Immer	Immer
Imna	Yimna
Imnah	Yimnah
Imnites	Yimnah
Imra	Yimrah
Imri	Imri
India	Hodu
Iphdeiah	Yifdeyah
Iphedeiah	Yifdeyah
Ir	Īr
Ir-nahash	Īr-Nahash
Ira	Īra
Iram	Īram
Iri	Īri
Irnahash	Īr-Nahash
Isaac	Isaak
Isaac	Yitshak	Y
Isaiah	Aisaias
Isaiah	Yeshayah
Iscariot	Iskariotais
Ish-bosheth	Īsh-Boshet
Ishbah	Yishbah
Ishbak	Yishbak
Ishbosheth	Īsh-Boshet
Ishhod	Īshehod
Ishi	Yishei
Ishma	Yishma
Ishmael	Yishmael	Y
Ishmaelite	Yishmaeli
Ishmaelites	Yishmaeli
Ishmaiah	Yishmaeyah
Ishmeelites	Yishmaeli
Ishmerai	Yishmeray
Ishpah	Yishpah
Ishpan	Yishpan
Ishuah	Yishvah
Ishuai	Yishvah
Ishvah	Yishvah
Ishvi	Yishvi
Israel	Israail
Israel	Yisrael	Y
Israelites	Israail
Israelites	Yisrael
Issachar	Isakar
Issachar	Yissaskar
Isshiah	Yishshiyyah
Italian	Italia
Italy	Italia
Ithai	Ittay
Ithamar	Ītamar
Ithiel	Ītiel
Ithmah	Yitmah
Ithran	Yitran
Ithream	Yitream
Ithrite	Yitri
Ittai	Ittay
Iturea	Itouraios
Ivvah	Ivvah
Izeharites	Yitshari
Izhar	Yitshar
Izhar	Yitshar
Izharites	Yitshari
Izliah	Yizliah
Izrahiah	Yizrahyah
Izrahite	Yizrah
Izri	Yitsri
Izziah	Yizziyyah
Jaakan	Yaakan
Jaakobah	Yaakovah
Jaala	Yaala
Jaalah	Yaalah
Jaanai	Yaanay
Jaar	Yaar
Jaareshiah	Yaareshyah
Jaasiel	Yaasiyel
Jaasu	Yaasu
Jaazaniah	Yaazanyah
Jaaziah	Yaaziyyahu
Jaaziel	Yaaziel
Jabbok	Yabok
Jabesh	Yavesh
Jabez	Yaebets
Jabin	Yavin
Jacan	Yaekan
Jachin	Yakin
Jacob	Yakob	Y	Choose one!
Jacob	Yakov	Y	Choose one!
Jacobus	Yakobos
Jada	Yada
Jadau	Yiddo
Jaddai	Yiddo
Jaddua	Yadduea
Jadon	Yadon
Jael	Yaeel
Jahath	Yahat
Jahaz	Yahats
Jahaziah	Yahzeyah
Jahaziel	Yahaziel
Jahdai	Yehday
Jahdiel	Yahdiyel
Jahdo	Yahdo
Jahmai	Yahmay
Jahzah	Yahats
Jahzeiah	Yahzeyah
Jahzerah	Yahzerah
Jahziel	Yahtsiel
Jair	Yair
Jairus	Yaeiros
Jakan	Yaakan
Jakim	Yakim
Jakin	Yakin
Jalam	Yaelam
Jalon	Yalon
Jambres	Yambrais
James	Yakobos
Jamin	Yamin
Jaminite	Yemini
Jamlech	Yamlek
Janai	Yaanay
Jannai	Yanna
Jannes	Yannais
Janoah	Yanoah
Janohah	Yanoah
Japheth	Yefet
Japhia	Yafiea
Japhlet	Yaflet
Jarah	Yaerah
Jared	Yared
Jared	Yered
Jaresiah	Yaareshyah
Jarha	Yarha
Jarib	Yariv
Jarmuth	Yarmut
Jaroah	Yaroah
Jashen	Yashen
Jashobeam	Yashaveam
Jashub	Yashuv
Jashubi-lehem	Yashuvi-Lehem
Jashubilehem	Yashuvi-Lehem
Jason	Yason
Jathniel	Yatniel
Jattir	Yattir
Javan	Yavan
Jazer	Yaezer
Jaziz	Yaziz
Jearim	Yearim
Jeatherai	Yeeteray
Jebus	Yevus
Jebusite	Yevusi
Jebusites	Yevusi
Jecamiah	Yekamyah
Jechiliah	Yekaleyah
Jecholiah	Yekaleyah
Jechoniah	Yekaneyah
Jechonias	Yekonias
Jecoliah	Yekaleyah
Jeconiah	Yekaneyah
Jedaiah	Yedaeyah
Jediael	Yedieael
Jedidah	Yedidah
Jedidiah	Yedideyah
Jedithun	Yedutun
Jeduthun	Yedutun
Jehalelel	Yehallelel
Jehallelel	Yehallelel
Jehdeiah	Yehdiyyahu
Jehezkel	Yehezkel
Jehiah	Yehiyyah
Jehiel	Yeeiel
Jehiel	Yehiel
Jehoadah	Yehoeaddah
Jehoaddah	Yehoeaddah
Jehoaddan	Yehoeaddin
Jehoaddin	Yehoeaddin
Jehoahaz	Yehoahaz
Jehoash	Yehoash
Jehohanan	Yehohanan
Jehoiachin	Yoyakin
Jehoiachin	Yehoyakin
Jehoiada	Yoyada
Jehoiada	Yehoyada
Jehoiakim	Yehoyakim
Jehoiarib	Yehoyariv
Jehoram	Yehoram
Jehoshaphat	Yoshafat
Jehoshaphat	Yehoshafat
Jehosheba	Yehosheva
Jehozabad	Yehozavad
Jehozadak	Yehotsadak
Jehu	Yehu
Jeiel	Yeeiel
Jekabzeel	Yekavtseel
Jekameam	Yekameam
Jekamiah	Yekamyah
Jekuthiel	Yekutiel
Jemimah	Yemimah
Jephtha	Yeftha
Jephthah	Yiftah
Jephunneh	Yefunneh
Jerah	Yerah
Jerahmeel	Yerahmeel
Jerahmeelites	Yerahmeeli
Jeremai	Yeremay
Jeremiah	Yeremias
Jeremiah	Yirmeyah
Jeremoth	Yerimot
Jeriah	Yeriyyah
Jeribai	Yerivay
Jericho	Yeriko
Jericho	Yeriho
Jeriel	Yeriel
Jerimoth	Yerimot
Jerioth	Yerieot
Jermoth	Yerimot
Jeroboam	Yaraveam
Jeroham	Yeroham
Jerubbaal	Yerubaal
Jerubbesheth	Yerubeshet
Jerusalem	Hierousalaim
Jerusalem	Yerushalem	Y
Jerusalemites	Hierousalaim
Jerusha	Yerusha
Jerushah	Yerushah
Jesaiah	Yeshaeyah
Jeshaiah	Yeshaeyah
Jeshanah	Yeshanah
Jesharelah	Yesarelah
Jesher	Yesher
Jeshimon	Yeshimon
Jeshimoth	Hyeshimot
Jeshishai	Yeshiyshay
Jeshohaiah	Yeshohayah
Jeshua	Yeshuea
Jesimiel	Yeshimael
Jesimoth	Hyeshimot
Jesse	Yessai
Jesse	Yishay
Jesus	Yaisous
Jether	Yeter
Jetheth	Yetet
Jethro	Yitro
Jetur	Yetur
Jeuel	Yeeuel
Jeush	Yeeush
Jeuz	Yeeuts
Jew	Youdaios
Jewish	Youdaions
Jewish	Yehudi
Jews	Youdaions
Jews	Yehudi
Jezebel	Īzevel
Jezer	Yetser
Jeziah	Yizziyyah
Jeziel	Yezavel
Jezliah	Yizliah
Jezrahiah	Yizrahyah
Jezreel	Yizreeel
Jezreelite	Yizreeeli
Jibsam	Yivsam
Jimna	Yimnah
Jimnah	Yimnah
Jimnites	Yimnah
Jitschar	Yitshar
Jitsri	Yitsri
Joab	Yoav	Y
Joah	Yoah
Joanan	Yoanan
Joanna	Yoanna
Joash	Yoash
Joatham	Yoatham
Job	Iob
Job	Iyyov	Y
Jobab	Yovav
Jochebed	Yokeved
Jodah	Youda
Joed	Yoed
Joel	Yoail
Joel	Yoel	Y
Joelah	Yoelah
Joezer	Yoezer
Jogbehah	Yagebehah
Joha	Yoha
Johanan	Yohanan
John	Yoannais
John	Yohan	Y
Joiada	Yoyada
Joiakim	Yoyakim
Joiarib	Yoyariv
Jokdeam	Yakedeam
Jokim	Yokim
Jokmeam	Yakemeam
Jokneam	Yakeneam
Jokshan	Yakeshan
Joktan	Yaketan
Joktheel	Yaketeel
Jonadab	Yonadav
Jonah	Yonas
Jonah	Yonah
Jonam	Yonan
Jonathan	Yonatan
Joppa	Yoppai
Joppa	Yafo
Jorah	Yorah
Jorai	Yoray
Joram	Yoram
Joram	Yehoram
Jordan	Yarden
Jordan	Yordanais
Jorim	Yoreim
Jorkeam	Yarekeam
Josabad	Yozavad
Josaphat	Yosafat
Joseph	Yosaif
Joseph	Yosef
Joses	Yosais
Joshah	Yoshah
Joshaphat	Yoshafat
Joshaviah	Yoshavyah
Joshbekashah	Yashebekashah
Joshibiah	Yoshivyah
Joshua	Yaisous
Joshua	Yehoshuea
Josiah	Yosias
Josiah	Yoshiyah
Josibiah	Yoshivyah
Josiphiah	Yosifyah
Jotbah	Yatevah
Jotham	Yoatham
Jotham	Yotam
Jozabad	Yozavad
Jozadak	Yotsadak
Judah	Youda
Judah	Yehudah
Judaism	Youdaismos
Judas	Youdas
Jude	Youdas
Judea	Youdaia
Judean	Yehudi
Judeans	Youdaia
Judeans	Yehudi
Julia	Youlia
Julius	Youlios
Junia	Younias
Jushab	Yushav
Jushab-hesed	Yushav-Hesed
Jushabhesed	Yushav-Hesed
Justus	Youstos
Kabzeel	Kavtseel
Kadesh	Kadesh
Kadmiel	Kadmiel
Kallai	Kallay
Kalneh	Keleneh
Kamon	Kamon
Kanaan	Kinaan
Kanneh	Kanneh
Kareah	Kareah
Karka	Karka
Karkor	Karkor
Karnaim	Karnayim
Kasdim	Kasdiy
Kebar	Kevar
Kedar	Kedar
Kedemah	Kedemah
Kedemoth	Kedemot
Kedesh	Kedesh
Kedron	Kedron
Keilah	Keeilah
Kelaiah	Kelayah
Kelita	Kelita
Kelub	Keluv
Keluhi	Keluhayo
Kemuel	Kemuel
Kenaan	Kinaan
Kenaanah	Kenaanah
Kenaani	Kenaani
Kenan	Keynan
Kenani	Kenani
Kenaniah	Kenanyah
Kenath	Kenat
Kenaz	Kenaz
Kenite	Keyni
Kenites	Keyni
Kephirah	Kefirah
Keran	Keran
Keren	Keren
Keren-Happuk	Keren-Hafuk
Kerethites	Kereti
Kerioth	Keriyyot
Keros	Keyros
Kerub	Keruv
Kesalon	Kesalon
Keturah	Keturah
Keziah	Ketsieah
Kidon	Kidon
Kidron	Kidron
Kilmad	Kilmad
Kinnereth	Kinarot
Kir	Kir
Kiriath	Kiryat
Kiriathaim	Kereyatayim
Kirjathaim	Kereyatayim
Kis	Kis
Kish	Kish
Kishion	Kishyon
Kishon	Kishon
Kislev	Kislev
Kitron	Kitron
Kittim	Kittim
Kiyyun	Kiyyun
Koa	Koea
Kohath	Kehat
Kohathite	Kehati
Kohathites	Kehati
Kolaiah	Kolayah
Korah	Korah
Korah	Karehi
Korahite	Karehi
Korahites	Karehi
Kore	Kore
Kore	Kore
Kores	Karehi
Korhite	Karehi
Korhites	Karehi
Kos	Kots
Kozeba	Kozava
Kush	Kush
Kushaiah	Kushayahu
Laadah	Laedah
Laban	Lavan
Lachish	Lakish
Ladan	Laedan
Lahad	Lahad
Lahmi	Lahmi
Laish	Layish
Lamech	Lamek
Lamech	Lemek
Lamek	Lemek
Laodicea	Laodikeia
Laodiceans	Laodikeia
Lappidoth	Lappidot
Lasaea	Lasaia
Lazarus	Lazaros
Leah	Leah
Lebanah	Levana
Lebanon	Levanon
Lebbaios	Lebbaios
Lebo	Levo
Lebonah	Levonah
Lecah	Lekah
Lehab	Lehavim
Lehabim	Lehavim
Lehabites	Lehavim
Lehem	Lehem
Lehi	Lehi
Levi	Leui
Levi	Levi
Levite	Leuitais
Levite	Leviyyiy
Levites	Leviyyiy
Libnah	Livnah
Libni	Livni
Libya	Kuv
Libya	Libuai
Libyans	Luvi
Likhi	Likhi
Linus	Linos
Lo-ruhamah	Lo-Ruhamah
Lod	Lod
Lois	Lois
Loruhamah	Lo-Ruhamah
Lot	Lot
Lot	Lot
Lotan	Lotan
Lubim	Luvi
Lucius	Loukios
Lud	Lud
Ludim	Ludi
Ludites	Ludi
Luke	Loukas
Luz	Luz
Lycaonia	Lukaonia
Lycia	Lukia
Lyconian	Lukaonisti
Lydda	Ludda
Lydia	Ludia
Lydians	Ludi
Lysanias	Lusanios
Lysias	Lusias
Lystra	Lustra
Maacah	Maakah
Maacath	Maakah
Maacathite	Maakati
Maacathites	Maakati
Maadai	Maaday
Maadiah	Maadeyah
Maai	Maay
Maarath	Maarat
Maasai	Maasay
Maaseiah	Maaseyah
Maasiai	Maasay
Maat	Maath
Maath	Maath
Maaz	Maats
Maaziah	Maazyah
Macedonia	Makedonia
Macedonian	Makedonia
Macedonians	Makedonia
Machbanai	Makbannay
Machbena	Makbena
Machir	Makir
Machnadebai	Maknadvay
Madai	Maday
Maday	Maday
Madmannah	Madmannah
Madon	Madon
Magadan	Magadan
Magbish	Magbiysh
Magdalene	Magdala
Magdiel	Magdiyel
Magog	Magog
Magog	Magog
Magpiash	Magpiyeash
Mahalalel	Mahalalel
Mahanaim	Mahanayim
Maharai	Maharay
Mahath	Mahat
Mahavite	Mahavim
Mahazioth	Mahaziot
Mahlah	Mahlah
Mahli	Mahli
Mahlon	Mahlon
Makaz	Makats
Makir	Makir
Makkedah	Makkedah
Malachi	Malaki
Malcam	Malkam
Malchi	Malki
Malchi-shua	Malkishuea
Malchiah	Malkiyyah
Malchiel	Malkiel
Malchijah	Malkiyyah
Malchiram	Malkiram
Malchishua	Malkishuea
Malchus	Malkos
Maleleel	Maleleail
Malki	Malki
Malkiah	Malkiyyah
Malkijah	Malkiyyah
Mallothi	Malloti
Malluch	Malluk
Manaen	Manaain
Manahath	Manahat
Manasseh	Manassais
Manasseh	Menashsheh
Manoah	Manoah
Maoch	Maeok
Maon	Maeon
Maralah	Maralah
Mareshah	Mareshah
Mark	Markos
Maroth	Marot
Martha	Martha
Mary	Maria
Mashal	Mashal
Masrekah	Masrekah
Massa	Massa
Massah	Massah
Mathusala	Mathousala
Matred	Matred
Matrite	Matri
Mattan	Mattan
Mattaniah	Mattanyah
Mattat	Maththat
Mattatah	Mattattah
Mattatha	Mattatha
Mattathah	Mattattah
Mattathias	Mattathias
Mattenai	Mattenay
Matthan	Matthan
Matthat	Maththat
Matthat	Matthat
Matthew	Matthaios
Matthias	Matthias
Mattithiah	Mattityah
Me-	Mey-
Mebunnai	Mevunnay
Mecherathite	Mekerati
Meconah	Mekonah
Medan	Medan
Mede	Maday
Medeba	Meydeva
Medes	Maidia
Medes	Maday
Media	Maday
Megiddo	Megiddon
Mehetabel	Meheytavel
Mehida	Mehida
Mehir	Mehir
Meholathite	Meholati
Mekonah	Mekonah
Melatiah	Melatyah
Melchi	Melki
Melchiah	Malkiyyah
Melchisedek	Melkisedek
Melchishua	Malkishuea
Melchizedek	Malki-Tsedek
Melea	Meleas
Melech	Melek
Melita	Melitai
Melkiah	Malkiyyah
Memphis	Mof
Memphis	Nof
Menahem	Menahem
Menna	Mainan
Meon	Meeon
Meonothai	Meeonotay
Mephaath	Mofaat
Mephibosheth	Mufiboshet
Merab	Merav
Meraiah	Merayah
Meraioth	Merayot
Merari	Merari
Mered	Mered
Meremoth	Meremot
Merib	Meriv
Merib-baal	Meriv-Baal
Meribah	Merivah
Meribath	Merivah
Meribbaal	Meriv-Baal
Merodach	Merodak
Merom	Merom
Meronothite	Meronoti
Meroz	Meroz
Mesech	Meshek
Mesha	Meysha
Meshach	Meyshak
Meshech	Meshek
Meshek	Meshek
Meshelemiah	Meshelemyah
Meshezabel	Mesheyzavel
Meshillemith	Meshillemit
Meshillemoth	Meshillemot
Meshobab	Meshovav
Meshullam	Meshullam
Meshullemeth	Meshullemet
Mesopotamia	Mesopotamia
Methuselah	Metushelah
Meunim	Meeunay
Meunites	Meeunay
Mezahab	Mey-Zahav
Mezobaite	Metsovayah
Miamin	Miyyamin
Mibhar	Mivhar
Mibsam	Mivsam
Mibzar	Mivtsar
Mica	Mike
Micah	Mikah
Micah	Mikayah
Micaiah	Mikahu
Micaiah	Mikayah
Micaiah	Mikayehu
Michael	Mikaail
Michael	Mikael
Michal	Mikal
Michmash	Mikmas
Michmethath	Mikmetat
Micmash	Mikmas
Midian	Madiam
Midian	Midyan
Migdol	Migdol
Migron	Migron
Mijamin	Miyyamin
Mikloth	Miklot
Mikneiah	Mikneyahu
Milalai	Milalay
Milcom	Malkam
Miletus	Milaitos
Millo	Millo
Miniamin	Minyamin
Minnit	Minnit
Minnith	Minnit
Miriam	Miryam
Mirma	Mirmah
Mirmah	Mirmah
Mishael	Mishael
Misham	Misheam
Mishma	Mishma
Mishraites	Mishraei
Mispar	Misfar
Mispereth	Misferet
Mithnite	Mitni
Mithredath	Mitredat
Mitylene	Mitulainai
Mizah	Mitsear
Mizpah	Mitspah
Mizraim	Mitsrayim
Mizzah	Mizzah
Mnason	Mnason
Moab	Moav
Moadiah	Moeadyah
Moladah	Moladah
Molech	Molek
Molid	Molid
Moloch	Molok
Morasthite	Morashtiy
Mordecai	Mareddekay
Moreh	Moreh
Moresheth	Morashtiy
Moriah	Moriyyah
Moses	Mosheh	Y
Moses	Mosais	Y
Moza	Motsa
Mushi	Mushiy
Myra	Mura
Mysia	Musia
Naam	Naam
Naamah	Naamah
Naaman	Naaman
Naaman	Neeman
Naarah	Naarah
Naarai	Naaray
Naaran	Naaran
Naasson	Naasson
Nabal	Naval
Naboth	Navot
Nachon	Nakon
Nachor	Nakor
Nacon	Nakon
Nadab	Nadav
Naggai	Nangai
Nahalal	Nahalal
Nahalol	Nahalal
Naham	Naham
Nahamani	Nahamani
Naharai	Naharay
Naharaim	Naharayim
Nahash	Nahash
Nahath	Nahat
Nahor	Nahor
Nahshon	Nahshon
Nahum	Naoum
Nahum	Nahum
Nain	Nain
Naioth	Navit
Naomi	Naeₒmi
Naphish	Nafish
Naphtali	Naftali
Naphtuh	Naftuhim
Naphtuhim	Naftuhim
Naphtuhites	Naftuhim
Narcissus	Narkissos
Natham	Nathan
Nathan	Nathan
Nathan	Natan
Nathanael	Nathanaail
Naum	Naoum
Nazarean	Nazarainos
Nazarene	Nazaret
Nazarenes	Nazoraios
Nazareth	Nazaret
Neariah	Nearyah
Nebai	Novay
Nebaioth	Nevayot
Neballat	Nevallat
Nebat	Nevat
Nebo	Nevo
Nebuchadnezzar	Nevukadnetstsar
Nebuzaradan	Nevuzaradan
Necho	Nekoh
Nechoh	Nekoh
Neco	Nekoh
Nedabiah	Nedavyah
Negev	Negev
Nego	Nego
Nehemiah	Nehemyah
Nehum	Nehum
Nehushta	Nehushta
Nekoda	Nekoda
Nemuel	Nemuel
Nepheg	Nefeg
Nephisim	Nefisim
Nephthalim	Nefthaleim
Nephusim	Nefushesim
Ner	Ner
Nereus	Naireus
Nergal	Nereggal
Neri	Nairi
Neriah	Neriyyah
Netaim	Netaeim
Nethanel	Netanel
Nethaniah	Netanyah
Netophah	Netofah
Netophathite	Netofati
Netophathites	Netofati
Neziah	Netsiah
Nibhaz	Nivhaz
Nicanor	Nikanor
Nicodemus	Nikodaimos
Nicolaitans	Nikolaitais
Nicolas	Nikolaos
Nicopolis	Nikopolis
Niger	Niger
Nimrod	Nimrod
Nimshi	Nimshiy
Nineveh	Nineveh
Ninevite	Nineuitais
Ninevites	Nineuitais
Nisroch	Nesirok
No	No
Noadiah	Noeadyah
Noah	Noah
Noah	Noeah
Noah	Noe
Nob	Nod
Nobah	Novah
Nod	Nod
Nodab	Nodav
Nogah	Nogah
Nohah	Nohah
Noph	Nof
Nun	Nun
Nympha	Numfas
Obadiah	Ovadyah
Obed	Yobaid
Obed	Ōved
Obed-edom	Oved-Edom
Obededom	Oved-Edom
Obil	Ōvil
Og	Ōg
Ohel	Ohel
Oholah	Ahelah
Oholiab	Aheliav
Oholibah	Ahelivah
Oholibamah	Ahelivamah
Olympas	Olumpas
Omar	Ōmar
Omri	Ameri
Onam	Ōnam
Onan	Ōnan
Onesimus	Onaisimos
Onesiphorus	Onaisiforos
Ono	Ōno
Ophel	Ofel
Ophir	Ōfir
Ophrah	Aferah
Oreb	Orev
Oren	Oren
Ornan	Arenan
Osnappar	Asenappar
Othni	Ateni
Othniel	Ateniel
Ozem	Otsem
Ozias	Ozias
Paarai	Paaray
Paddan	Paddan
Padon	Fadon
Pahath	Pahat
Pahath-moab	Pahat-Moav
Pahathmoab	Pahat-Moav
Pai	Faeu
Palal	Palal
Palestina	Feleshet
Pallu	Pallu
Palti	Falti
Paltiel	Faltiel
Paltite	Palti
Pamphylia	Pamfulia
Paphos	Pafos
Paran	Paran
Parmenas	Parmenas
Parosh	Fareosh
Parthians	Parthia
Paruah	Paruah
Pas-	Fas-
Pasach	Pasak
Pasdammim	Fas-Dammim
Paseah	Paseah
Pashhur	Fashhur
Pashur	Fashhur
Patara	Patara
Pathros	Patros
Pathrus	Patrusi
Pathrusim	Patrusi
Pathrusites	Patrusi
Patmos	Patmos
Patrobas	Patrobas
Pau	Faeu
Paul	Paulos
Pedaiah	Pedayah
Pekah	Fekahyah
Pekahiah	Pekahyah
Pekod	Fekod
Pelaiah	Pelayah
Pelaliah	Pelalyah
Pelatiah	Pelatyah
Peleg	Falek
Peleg	Peleg
Pelet	Pelet
Peleth	Pelet
Pelethites	Feleti
Pelonite	Peloni
Peniel	Peniel
Peninnah	Feninnah
Penuel	Penuel
Peor	Peeor
Perazim	Peratsim
Peresh	Peresh
Perez	Fares
Perez	Perets
Perga	Pergai
Pergamus	Pergamos
Perida	Feruda
Perizzite	Perizzi
Perizzites	Perizzi
Persia	Paras
Persis	Persis
Peruda	Feruda
Peter	Petros
Pethahiah	Petahyah
Pethuel	Petuel
Peullethai	Peeulletay
Peulthai	Peeulletay
Phallu	Pallu
Phanuel	Fanouail
Pharisee	Farisaios
Pharisees	Farisaios
Pharaoh	Farao
Pharaoh	Pareoh
Pharpar	Farfar
Philadelphia	Filadelfeia
Philemon	Filaimoni
Philetus	Filaitos
Philip	Filippos
Philippi	Filippou
Philippians	Filippaisios
Philistia	Feleshet
Philistines	Felishtiy
Philologus	Filologos
Phinehas	Pinhas
Phlegon	Flegon
Phoebe	Foibai
Phoenicia	Foinikai
Phoenix	Foinix
Phrygia	Frugia
Phygelus	Fugelos
Pi-	Piy-
Pi-beseth	Piy-Beset
Pilate	Pilatos
Pilha	Pilha
Piltai	Filtay
Pinon	Finon
Pirathon	Fireaton
Pirathonite	Pireatoni
Pisgah	Fisgah
Pisidia	Pisidia
Pispa	Fisafah
Pithon	Piton
Pizzez	Pitstsets
Pochereth	Fokeret
Pokereth	Fokeret
Pontius	Pontios
Pontus	Pontos
Porcius	Porkios
Potiphar	Fotifar
Potiphera	Foti-Fera
Prisca	Priska
Priscilla	Priskilla
Prochorus	Prokoros
Ptolemais	Ptolemais
Puah	Pueah
Publius	Poplios
Pudens	Poudais
Pul	Pul
Purah	Furah
Put	Put
Puteoli	Potioloi
Puthites	Puti
Putiel	Futiel
Qiryataim	Kereyatayim
Quartus	Kouartos
Raama	Raemah
Raamah	Raemah
Raamiah	Raamyah
Rabbah	Rabah
Racal	Rakal
Rachal	Rakal
Rachel	Rahel
Rachel	Rakail
Raddai	Radday
Ragau	Ragau
Rahab	Rahav
Rahab	Rakab
Raham	Raham
Ram	Ram
Rama	Rama
Ramah	Ramah
Ramathaim	Ramatayim
Ramathite	Ramati
Ramiah	Rmeyah
Ramoth	Ramot
Rapha	Rafa
Reaiah	Reayah
Rebecca	Rebekka
Rebekah	Rivkah
Recah	Rekah
Rechab	Rekav
Rechabites	Rekavim
Reelaiah	Reeelayah
Regem	Regem
Regem-	Regem
Regemmelech	Regem-Melek
Rehabiah	Rehavyah
Rehob	Rehov
Rehoboam	Rehaveam
Rehoboam	Roboam
Rehoboth	Rehovot
Rehum	Rehum
Rei	Reei
Rekah	Rekah
Rekem	Rekem
Remaliah	Remalyahu
Rephael	Refael
Rephah	Refah
Rephaiah	Refayah
Rephaim	Refaim
Rephidim	Refidim
Resheph	Reshef
Reu	Reeu
Reuben	Reuven
Reuben	Roubim
Reuel	Reeuel
Rezeph	Retsef
Rezia	Ritsya
Rezin	Retsin
Rezon	Rezon
Rhegium	Raigion
Rhesa	Raisa
Rhoda	Rodai
Rhodes	Rodos
Ribai	Rivay
Riblah	Rivlah
Rimmon	Rimmon
Rinnah	Rinnah
Riphath	Rifat
Rizia	Ritsya
Rizpah	Ritsfah
Rodanim	Dodanim
Rogelim	Roglim
Rohgah	Rohagah
Romamti	Romamti
Romamti-ezer	Romamti-Ezer
Romamtiezer	Romamti-Ezer
Roman	Romaios
Romans	Romaios
Rome	Romai
Romfa	Remfan
Rufus	Roufos
Ruhamah	Ruhamah
Rumah	Rumah
Ruth	Rut
Ruth	Routh
Sabeans	Sava
Sabta	Savta
Sabteka	Savteka
Sacar	Sakar
Sachar	Sakar
Sadducee	Saddoukaios
Sadducees	Saddoukaios
Sakar	Sakar
Sala	Sala
Salah	Shelah
Salamis	Salamis
Salathiel	Salathiail
Salecah	Salkah
Salem	Salaim
Salem	Shalem
Salim	Saleim
Sallai	Sallu
Sallu	Sallu
Salma	Salma
Salmon	Salmon
Salome	Salomai
Salu	Sallu
Samaria	Samareia
Samaria	Shomron	Y
Samaritan	Samareia
Samaritan	Shomron
Samaritans	Samareitais
Samaritans	Shomron
Samlah	Samlah
Samos	Samos
Samothrace	Samothrakai
Samson	Sampson
Samson	Shimshon
Samuel	Samouail
Samuel	Shemuel
Sanballat	Sanvallat
Saph	Saf
Sapphira	Sapfeirai
Sarah	Sarra
Sarah	Serah
Sarah	Sarah
Saraph	Saraf
Sardis	Sardeis
Sarepta	Sarepta
Sarid	Sarid
Saron	Assaron
Satan	Satan
Satan	Satan
Saul	Saulos
Saul	Shaul
Sceva	Skeuas
Scythian	Skuthais
Seba	Seva
Secu	Seku
Secundus	Sekoundos
Segub	Seguv
Seir	Seeir
Sela	Sela
Selah	Selah
Seled	Seled
Seleucia	Seleukeia
Sem	Saim
Semachiah	Semakyahu
Semein	Semei
Senaah	Senaah
Seneh	Senneh
Senir	Senir
Sennacherib	Sanheriv
Senuah	Senuah
Seorim	Seeorim
Sepharad	Sefarad
Sepharvaim	Sefarvayim
Sepharvites	Sefarvi
Serah	Serah
Seraiah	Serayah
Sergius	Sergios
Seruch	Serouk
Serug	Serug
Seth	Saith
Seth	Shet
Shaalbim	Shaalvim
Shaalbonite	Shaalvoni
Shaalim	Shaalim
Shaaph	Shaaf
Shaaraim	Shaarayim
Shabbethai	Shabtay
Shachia	Shaveyah
Shadrach	Shadrak
Shagee	Shageh
Shalishah	Shalishah
Shallecheth	Shalleket
Shalleketh	Shalleket
Shallum	Shallum
Shallun	Shallun
Shalmai	Salmay
Shalmai	Shamlay
Shalmaneser	Shalmaneser
Shama	Shama
Shamed	Shemer
Shamer	Shemer
Shamgar	Shamgar
Shamhuth	Shamhut
Shamir	Shamir
Shamir	Shamur
Shamma	Shamma
Shammah	Shammah
Shammai	Shammay
Shammay	Shammay
Shammoth	Shammot
Shammua	Shammuea
Shamsherai	Shamsheray
Shapham	Shafam
Shaphan	Shafan
Shaphat	Shafat
Shaphir	Shafir
Sharai	Sharay
Sharar	Sharar
Sharezer	Sharetser
Sharon	Sharon
Sharuhen	Sharuhen
Shashai	Shashay
Shashak	Shashshak
Shaul	Shaul
Shavsha	Shavsha
Sheal	Sheal
Shealtiel	Shealtiyel
Shean	Shean
Sheariah	Shearyah
Sheba	Sheva
Shebaniah	Shevanyah
Shebarim	Shevarim
Sheber	Shever
Shebna	Shevna
Shebnah	Shevna
Shebuel	Shevuel
Shecaniah	Shekanyah
Shechem	Shekem
Shechem	Sukem
Sheerah	Sheerah
Shehariah	Sheharyah
Shelah	Shelah
Shelah	Shelah
Shelemiah	Shelemyah
Sheleph	Shelef
Shelesh	Shelesh
Shelomith	Shelomit
Shelomoth	Shelomot
Shem	Shem
Shema	Shema
Shemaah	Shemaah
Shemaiah	Shemayah
Shemariah	Shemaryah
Shemer	Shemer
Shemida	Shemida
Sheminith	Sheminit
Shemiramoth	Shemiramot
Shemuel	Shemuel
Shen	Shen
Shenazzar	Shenatstsar
Sheol	Sheol
Shephatiah	Shefatyah
Shephi	Shefo
Shepho	Shefo
Shephupham	Shefufam
Sherebiah	Shereveyah
Sheresh	Sheresh
Sheshai	Sheshay
Sheshan	Sheshan
Sheshbazzar	Sheshebatstsar
Shethar	Shetar
Shethar-bozenai	Shetar-Bozenay
Shetharboznai	Shetar-Bozenay
Sheva	Sheva
Shiggaion	Shiggayon
Shigionoth	Shiggayon
Shihor	Shiyhor
Shikkeron	Shikkeron
Shilhi	Shilhi
Shiloh	Shiloh
Shilonite	Shiloni
Shilshah	Shilshah
Shimea	Shimea
Shimeah	Shimeah
Shimeathites	Shimeati
Shimei	Shimei
Shimon	Shimon
Shimrath	Shimrat
Shimri	Shimri
Shimron	Shimron
Shimshai	Shimshay
Shinar	Shinear
Shiphi	Shifei
Shiphmite	Shifmi
Shiphrah	Shifrah
Shipi	Shifei
Shirtai	Shitray
Shisha	Shiysha
Shitrai	Shitray
Shittim	Shittim
Shiza	Shiza
Shoa	Shoea
Shobab	Shovav
Shobach	Shovak
Shobai	Shvay
Shobal	Shoval
Shobek	Shovek
Shobi	Shvi
Shoham	Shoham
Shomer	Shomer
Shophach	Shofak
Shua	Shuea
Shua	Shuea
Shuah	Shuea
Shuah	Shuhah
Shual	Shueal
Shubael	Sheuvel
Shuhah	Shuhah
Shulamite	Shulammit
Shulammite	Shulammit
Shumathites	Shumati
Shunammite	Shunammit
Shunem	Shunem
Shuppim	Shuppim
Shur	Shur
Shushan	Shushan
Shuthelah	Shutelah
Sia	Siea
Siaha	Siea
Sibbecai	Sivkay
Sibraim	Sivrayim
Sidon	Sidon
Sidon	Tsidon
Sidonians	Tsidoni
Sihon	Sihon
Sihor	Shiyhor
Sikkuth	Sikkut
Silas	Silas
Silla	Silla
Siloam	Siloam
Silvanus	Silouanos
Simeon	Shimeon
Simeon	Sumeon
Simon	Simon
Sin	Sin
Sinai	Sina
Sinai	Sinay
Sini	Sini
Sinite	Sini
Sinites	Sini
Siphmoth	Sifmot
Sippai	Sifay
Sisera	Sisera
Sismay	Sismay
Smyrna	Smurna
So	So
Socoh	Sokoh
Sodom	Sodoma
Sodom	Sedom
Solomon	Shelomoh	Y
Sopater	Sopatros
Sophereth	Soferet
Sorek	Sorek
Sosipater	Sosipatros
Sosthenes	Sosthenais
Sotai	Sotay
Spain	Spania
Stachys	Stakus
Stephanas	Stefanas
Stephen	Stefanos
Stoic	Stoikos
Suah	Suah
Sucathites	Sukati
Succoth	Sukkot
Susa	Shushan
Sychar	Sukar
Syene	Seveneh
Syntyche	Suntukai
Syracuse	Surakousai
Syria	Suria
Syria	Aram
Syrian	Suria
Syrian	Arammiy
Syrians	Arammiy
Syrians	Aram
Syrophoenician	Foinikai
Syrophoenician	Suria
Syrtis	Surtis
Taanach	Taanak
Tabbaoth	Ţabaeot
Tabbath	Ţabat
Tabeel	Ţeveel
Tabitha	Tabaitha
Tabor	Tavor
Tabrimmon	Ţavrimmon
Tadmor	Tadmor
Tahan	Tahan
Tahath	Tahat
Tahchemonite	Tahkemoni
Tahpanhes	Tahfanhes
Tahpenes	Tahpeneys
Tahrea	Tahrea
Talimay	Talimay
Talmai	Talimay
Talmon	Ţalmon
Tamar	Tamar
Tammuz	Tammuz
Tanhumeth	Tanhumet
Taphath	Ţafat
Tappuah	Tapuah
Tarea	Taarea
Tarshish	Tarshiysh
Tarshiysh	Tarshiysh
Tarsian	Tarsos
Tarsus	Tarsos
Tartak	Tartak
Tatnai	Tattenay
Tattenai	Tattenay
Tebaliah	Ţevalyahu
Tehaphnehes	Tahfanhes
Tehinnah	Tehinnah
Tekoa	Tekoea
Tekoa	Tekoei
Tekoite	Tekoei
Tekoites	Tekoei
Tel	Tel
Telah	Telah
Telaim	Ţelaim
Telassar	Telassar
Telem	Ţelem
Tema	Teyma
Temah	Temah
Teman	Teyman
Temanite	Teymani
Temanites	Teymani
Temeni	Teymeni
Terah	Terah
Tertius	Tertios
Tertullus	Tertullos
Thaddeus	Thaddaios
Thamar	Thamar
Thara	Thara
Thebes	No
Thebez	Tevets
Theophilus	Theofilos
Thessalonian	Thessalonikai
Thessalonians	Thessalonikai
Thessalonica	Thessalonikai
Theudas	Theudas
Thomas	Thomas
Thyatira	Thuateira
Tiberias	Tiberios
Tibhath	Ţvehat
Tibni	Tivni
Tiglath	Tiglat
Tiglath-pileser	Tiglat-Pileser
Tiglathpileser	Tiglat-Pileser
Tikvah	Tikvah
Tilgath	Tiglat
Tilgath-pileser	Tiglat-Pileser
Tilgathpileser	Tiglat-Pileser
Tilon	Tulon
Timeus	Timaios
Timna	Timna
Timnah	Timnah
Timon	Timon
Timothy	Timotheos
Tiphsah	Tifsah
Tiras	Tiras
Tirathites	Tireati
Tirhakah	Tirhakah
Tirhanah	Tirhanah
Tiria	Tirya
Tirzah	Tirtsah
Tishbite	Tishbiy
Titus	Titos
Tizite	Tiytsi
Toah	Toah
Tob	Ţov
Tobiah	Ţoviyyah
Tochen	Token
Togarmah	Togarmah
Tohu	Tohu
Toi	Toeu
Token	Token
Tola	Tola
Topheth	Tofet
Tou	Toeu
Trachonitis	Trakonitis
Troas	Troias
Trophimus	Trofimos
Tryphena	Trufaina
Tryphosa	Trufosa
Tsemari	Tsemari
Tubal	Tuval
Tychicus	Tukikos
Tyrannus	Turannos
Tyre	Tsor	Y
Tyre	Turos
Tyrians	Tsori
Tyrians	Turos
Uel	Ue
Ulai	Ulay
Ulam	Ulam
Ulla	Ulla
Unni	Unniy
Uphaz	Ufaz
Ur	Ur
Urbanus	Ourbanos
Uri	Uri
Uriah	Ourias
Uriah	Uriyyah
Uriel	Uriel
Uthai	Utay
Uz	Uts
Uzai	Uzay
Uzal	Uzal
Uzzah	Uzza
Uzzen	Uzzen
Uzzen-sheerah	Uzzen-Sheerah
Uzzensheerah	Uzzen-Sheerah
Uzzi	Uzziy
Uzzia	Uzziyya
Uzziah	Ozias
Uzziah	Uzziyah
Uzziel	Uzziyel
Vaniah	Vanyah
Vashni	Vashini
Vedan	Vedan
Yavan	Yavan
Yazer	Yaazeyir
Yebusi	Yevusi
Yihudah	Yehudah
Yishay	Yishay
Yishmaeel	Yishmaeel
Yizreeel	Yizreeel
Yehezkel	Yehezkel
Zaanan	Tsaanan
Zaanannim	Tsaanannim
Zaavan	Zaavan
Zabad	Zavad
Zabbai	Zabay
Zabbud	Zabud
Zabdi	Zavdiy
Zabdiel	Zavdiyel
Zabud	Zavud
Zabulon	Zaboulon
Zaccai	Zakkay
Zaccheus	Zakkaios
Zaccur	Zakkur
Zacharias	Zakarias
Zacher	Zeker
Zadok	Sadok
Zadok	Tsadok
Zahab	Zahav
Zahar	Tsahar
Zalaph	Tsalaf
Zalmon	Tsalmon
Zalmun	Tsalmon
Zalmunna	Tsalmunna
Zanoah	Zanoah
Zara	Zara
Zarephath	Tserefat
Zarethan	Tseretan
Zarhites	Zarhi
Zattu	Zattu
Zavan	Zaavan
Zaza	Zaza
Zebadiah	Zevadyah
Zebah	Zevah
Zebaim	Tsevayim
Zebedee	Zebedaios
Zebidah	Zevidah
Zebina	Zevina
Zeboiim	Tsevoim
Zeboim	Tsevoeim
Zebul	Zevul
Zebulun	Zevulun
Zechariah	Zakarias
Zechariah	Zekaryah
Zecher	Zeker
Zedad	Tsedad
Zedek	Tsedekh
Zedekiah	Tsidkiyyah
Zeeb	Zeev
Zelek	Tselek
Zelophehad	Tselafehad
Zelzah	Tseltsah
Zemaraim	Tsemarayim
Zemarite	Tsemari
Zemarites	Tsemari
Zemirah	Zemirah
Zenas	Zainas
Zephaniah	Tsefanyah
Zephath	Tsefat
Zephi	Tsefo
Zepho	Tsefo
Zerah	Zerah
Zerahiah	Zerahyah
Zerahites	Zarhi
Zeredah	Tseredah
Zererah	Tsererah
Zereth	Tseret
Zeri	Tseri
Zeror	Tseror
Zeruah	Tserueah
Zerubbabel	Zerubavel
Zeruiah	Tseruyah
Zetham	Zetam
Zethan	Zeytan
Zeus	Zeus
Zia	Ziea
Ziba	Tsiva
Zibeon	Tsivoen
Zibia	Tsivya
Zibiah	Tsivyah
Zichri	Zikri
Ziha	Tsiha
Ziklag	Tsiklag
Zikri	Zikri
Zillah	Tsillah
Zillethai	Tsilletay
Zilthai	Tsilletay
Zimmah	Zimmah
Zimran	Zimran
Zimri	Zimri
Zin	Tsiyyon
Zina	Zina
Zion	Sion
Zion	Tsiyyon
Ziph	Zif
Ziphah	Zifah
Ziphims	Zifi
Ziphites	Zifi
Zippor	Tsipor
Zipporah	Tsiporah
Ziv	Ziv
Ziza	Ziza
Zizah	Zizah
Zoan	Tsoean
Zobah	Tsovah
Zobebah	Tsovevah
Zoheth	Zohet
Zophah	Tsofah
Zophai	Tsuf
Zophim	Tsofim
Zorah	Tsareah
Zorathites	Tsareei
Zorites	Tsareei
Zorobabel	Zorobabel
Zuph	Tsuf
Zur	Tsur
